{
  "source_file": "s19951031_2329_2383.pdf",
  "total_pages": 8,
  "total_images": 2,
  "document_annotation": "{\n  \"language\": \"fr\",\n  \"title\": \"Compte Rendu Intégral\",\n  \"document_type\": \"procès-verbal\",\n  \"summary\": \"Le document est un compte rendu intégral d'une séance du Sénat français tenue le 31 octobre 1995. La séance, présidée par M. Jean Faure, traite divers points à l'ordre du jour, notamment les candidatures à des organismes extraparlementaires, les plans de redressement du Crédit Lyonnais et du Comptoir des Entrepreneurs, et la nomination de membres d'organismes extraparlementaires. Le document inclut également des discussions sur des amendements et des votes sur divers articles de loi. Les principaux intervenants incluent M. Hervé Gaymard, secrétaire d'État aux finances, et M. Alain Lambert, rapporteur de la commission des finances.\",\n  \"key_points\": [\n    \"Séance du Sénat française tenue le 31 octobre 1995.\",\n    \"Présidence de M. Jean Faure.\",\n    \"Discussion des candidatures à des organismes extraparlementaires.\",\n    \"Plans de redressement du Crédit Lyonnais et du Comptoir des Entrepreneurs.\",\n    \"Nomination de membres d'organismes extraparlementaires.\",\n    \"Discussion et vote sur divers amendements et articles de loi.\",\n    \"Interventions de M. Hervé Gaymard et M. Alain Lambert.\"\n  ],\n  \"authors\": [\n    \"M. Jean Faure\",\n    \"M. Hervé Gaymard\",\n    \"M. Alain Lambert\"\n  ],\n  \"date\": \"31 octobre 1995\",\n  \"organizations\": [\n    \"Sénat français\",\n    \"Crédit Lyonnais\",\n    \"Comptoir des Entrepreneurs\"\n  ]\n}",
  "markdown_files": [
    "page_1.md",
    "page_2.md",
    "page_3.md",
    "page_4.md",
    "page_5.md",
    "page_6.md",
    "page_7.md",
    "page_8.md"
  ],
  "images": [
    {
      "id": "img-0.jpeg",
      "filename": "page1_img1.jpg",
      "page": 1,
      "position": {
        "top_left_x": 363,
        "top_left_y": 177,
        "bottom_right_x": 1146,
        "bottom_right_y": 418
      },
      "annotation": "{\n  \"image_type\": \"logo\",\n  \"title\": \"Logo du Sénat - Débats Parlementaires\",\n  \"short_description\": \"Logo du Sénat français avec la mention 'Débats Parlementaires'.\",\n  \"detailed_description\": \"L'image montre le logo officiel du Sénat français. Le mot 'SÉNAT' est écrit en grandes lettres majuscules, avec un style de police qui rappelle les inscriptions classiques. En dessous, en plus petites lettres, il y a la mention 'DÉBATS PARLEMENTAIRES', indiquant que le logo est associé aux discussions et débats qui se déroulent au sein du Sénat.\",\n  \"data_extracted\": \"\"\n}"
    },
    {
      "id": "img-1.jpeg",
      "filename": "page1_img2.jpg",
      "page": 1,
      "position": {
        "top_left_x": 685,
        "top_left_y": 535,
        "bottom_right_x": 831,
        "bottom_right_y": 733
      },
      "annotation": "{\n  \"image_type\": \"logo\",\n  \"title\": \"Logo du Journal Officiel\",\n  \"short_description\": \"Logo du Journal Officiel de la République française\",\n  \"detailed_description\": \"Le logo représente les lettres 'JO' stylisées en noir et blanc. En dessous, le texte 'JOURNAL OFFICIEL' est écrit en majuscules noires.\",\n  \"data_extracted\": \"\"\n}"
    }
  ],
  "processing_info": {
    "blocks_processed": 1,
    "max_pages_limit": 8
  }
}