{
  "metadata": {
    "document_id": "commission_bruxelles_96",
    "coverage_percentage": 100.0,
    "n_clusters": 2,
    "total_chunks": 3,
    "representative_chunks": 3,
    "avg_similarity": 1.0000000000000007
  },
  "summary": {
    "title": "Compte rendu intégral de la séance inaugurale de l'Assemblée de la Commission Communautaire Française (20 octobre 1995)",
    "summary": "Ce document est le compte rendu intégral de la séance du 20 octobre 1995 de l'Assemblée de la Commission Communautaire Française (COCOF). Il détaille l'approbation de l'ordre du jour, la nomination du Bureau, les discours prononcés, ainsi que les discussions et décisions relatives à des propositions de décret, des questions écrites et des réallocations budgétaires. La séance marque le début de la session 1995-1996 avec des enjeux politiques et institutionnels majeurs.",
    "key_concepts": [
      {
        "name": "Démocratie institutionnelle",
        "description": "Processus de gouvernance et de prise de décision au sein d'une assemblée représentative, incluant l'élection du Bureau et l'approbation des ordres du jour.",
        "importance": 5
      },
      {
        "name": "Propositions de décret",
        "description": "Textes législatifs déposés et discutés lors de la séance, notamment sur des sujets comme le tourisme, la médiation ou la gestion budgétaire.",
        "importance": 4
      },
      {
        "name": "Réallocations budgétaires",
        "description": "Décisions relatives à la redistribution des subsides et des fonds publics, souvent sources de débats politiques.",
        "importance": 4
      },
      {
        "name": "Solidarité intercommunautaire",
        "description": "Enjeu politique lié aux relations entre les différentes entités fédérées (Bruxelles, Wallonie, Communauté française), notamment en matière de financement.",
        "importance": 3
      },
      {
        "name": "Médiation institutionnelle",
        "description": "Création ou gestion de services visant à résoudre des conflits ou à faciliter le dialogue entre parties prenantes.",
        "importance": 3
      }
    ],
    "main_themes": [
      "Fonctionnement et organisation des institutions bruxelloises",
      "Gestion budgétaire et réallocations des subsides",
      "Coopération et tensions intercommunautaires (Bruxelles-Wallonie)",
      "Processus législatif et dépôt de propositions de décret",
      "Rôle et responsabilités des élus dans une assemblée démocratique"
    ],
    "document_type": "procès-verbal"
  },
  "mind_map": {
    "central_theme": "Séance inaugurale de l'Assemblée de la Commission Communautaire Française (20 octobre 1995)",
    "branches": [
      {
        "title": "Organisation et fonctionnement institutionnel",
        "children": [
          {
            "title": "Nomination du Bureau",
            "children": [
              {
                "title": "Candidatures proposées",
                "children": [
                  {
                    "title": "Président : R. Hotyat",
                    "children": []
                  },
                  {
                    "title": "Vice-présidents : S. de Patoul, S. de Lobkowicz, G. Désir",
                    "children": []
                  }
                ]
              },
              {
                "title": "Secrétaires : M. Daïf, P. Smits, D. Grimberghs, P. Galand",
                "children": []
              }
            ]
          },
          {
            "title": "Approbation de l'ordre du jour",
            "children": [
              {
                "title": "Points abordés : pages 3 à 6",
                "children": []
              },
              {
                "title": "Procédure d'approbation",
                "children": []
              }
            ]
          },
          {
            "title": "Constitution de l'Assemblée",
            "children": [
              {
                "title": "Règles de proclamation sans scrutin",
                "children": []
              },
              {
                "title": "Applaudissements et prise de fonction",
                "children": []
              }
            ]
          }
        ]
      },
      {
        "title": "Discours et allocutions",
        "children": [
          {
            "title": "Allocution du Président",
            "children": [
              {
                "title": "Importance de la démocratie",
                "children": []
              },
              {
                "title": "Défis actuels des institutions bruxelloises",
                "children": []
              }
            ]
          },
          {
            "title": "Interventions des élus",
            "children": [
              {
                "title": "M. Bernard Clerfayt : proposition des candidatures",
                "children": []
              },
              {
                "title": "Autres élus : questions et débats",
                "children": []
              }
            ]
          }
        ]
      },
      {
        "title": "Processus législatif et propositions",
        "children": [
          {
            "title": "Dépôt de propositions de décret",
            "children": [
              {
                "title": "Commission consultative bruxelloise du tourisme",
                "children": []
              },
              {
                "title": "Service de médiation conjoint",
                "children": []
              }
            ]
          },
          {
            "title": "Discussions et prises en considération",
            "children": [
              {
                "title": "Liquidation des subsides",
                "children": []
              },
              {
                "title": "Réallocations budgétaires",
                "children": []
              }
            ]
          },
          {
            "title": "Questions écrites au Collège",
            "children": [
              {
                "title": "Thèmes abordés : gestion budgétaire",
                "children": []
              },
              {
                "title": "Réponses attendues",
                "children": []
              }
            ]
          }
        ]
      },
      {
        "title": "Gestion budgétaire et financements",
        "children": [
          {
            "title": "Réallocations budgétaires",
            "children": [
              {
                "title": "Arrêts annoncés",
                "children": []
              },
              {
                "title": "Impact sur les subsides",
                "children": []
              }
            ]
          },
          {
            "title": "Solidarité intercommunautaire",
            "children": [
              {
                "title": "Tensions Bruxelles-Wallonie",
                "children": []
              },
              {
                "title": "Rôle des socialistes bruxellois",
                "children": []
              }
            ]
          },
          {
            "title": "Cour des comptes et contrôle financier",
            "children": [
              {
                "title": "Vérification des comptes",
                "children": []
              },
              {
                "title": "Transparence budgétaire",
                "children": []
              }
            ]
          }
        ]
      },
      {
        "title": "Coopération et tensions intercommunautaires",
        "children": [
          {
            "title": "Relations Bruxelles-Wallonie",
            "children": [
              {
                "title": "Risque de rupture de solidarité",
                "children": []
              },
              {
                "title": "Processus de refinancement de la Communauté française",
                "children": []
              }
            ]
          },
          {
            "title": "Médiation institutionnelle",
            "children": [
              {
                "title": "Rôle des services de médiation",
                "children": []
              },
              {
                "title": "Gestion des conflits",
                "children": []
              }
            ]
          }
        ]
      }
    ]
  }
}