{
  "source_file": "commission_bruxelles_96.pdf",
  "total_pages": 8,
  "total_images": 1,
  "document_annotation": "{\n  \"language\": \"fr\",\n  \"title\": \"Compte Rendu Intégral de la Séance du 20 Octobre 1995\",\n  \"document_type\": \"procès-verbal\",\n  \"summary\": \"Le document est le compte rendu intégral de la séance du 20 octobre 1995 de l'Assemblée de la Commission Communautaire Française. La séance commence avec l'approbation de l'ordre du jour et la nomination du bureau. Le Président prononce une allocution sur l'importance de la démocratie et les défis actuels. Plusieurs propositions de décret sont déposées et discutées, notamment sur la création d'une commission consultative bruxelloise du tourisme, un service de médiation conjoint, et la liquidation des subsides. Des questions écrites sont posées aux membres du Collège. La séance se termine avec des notifications et la clôture de la session.\",\n  \"key_points\": [\n    \"Approbation de l'ordre du jour\",\n    \"Nomination du Bureau\",\n    \"Allocution du Président sur la démocratie\",\n    \"Dépôt et discussion de propositions de décret\",\n    \"Questions écrites aux membres du Collège\",\n    \"Notifications et clôture de la session\"\n  ],\n  \"authors\": [\n    \"M. le Président\",\n    \"Mme Evelyne Huytebroeck\",\n    \"M. Michel Lemaire\",\n    \"M. Paul Galand\",\n    \"M. André Drouart\",\n    \"M. Jacques De Coster\",\n    \"M. Dominique Harmel\",\n    \"M. Hervé Hasquin\",\n    \"M. Denis Grimberghs\"\n  ],\n  \"date\": \"20 octobre 1995\",\n  \"organizations\": [\n    \"Assemblée de la Commission Communautaire Française\",\n    \"Commission Communautaire Française\",\n    \"Conseil de la Région de Bruxelles-Capitale\",\n    \"Vlaamse Raad\"\n  ]\n}",
  "markdown_files": [
    "page_1.md",
    "page_2.md",
    "page_3.md",
    "page_4.md",
    "page_5.md",
    "page_6.md",
    "page_7.md",
    "page_8.md"
  ],
  "images": [
    {
      "id": "img-0.jpeg",
      "filename": "page1_img1.jpg",
      "page": 1,
      "position": {
        "top_left_x": 719,
        "top_left_y": 142,
        "bottom_right_x": 876,
        "bottom_right_y": 367
      },
      "annotation": "{\n  \"image_type\": \"logo\",\n  \"title\": \"Logo de l'Assemblée de Bruxelles\",\n  \"short_description\": \"Logo de l'Assemblée de Bruxelles avec des éléments héraldiques\",\n  \"detailed_description\": \"Le logo de l'Assemblée de Bruxelles présente un bouclier divisé en quatre quartiers. Chaque quartier contient un symbole distinct : un oiseau, une fleur de lys, une autre fleur et un autre oiseau. Le bouclier est encadré par un texte qui dit 'ASSEMBLEE' en haut et 'BRUXELLES' en bas.\",\n  \"data_extracted\": \"\"\n}"
    }
  ],
  "processing_info": {
    "blocks_processed": 1,
    "max_pages_limit": 8
  }
}