{
  "source_file": "pv_1995-09-29.pdf",
  "total_pages": 8,
  "total_images": 0,
  "document_annotation": "{\n  \"language\": \"fr\",\n  \"title\": \"SEANCE DU 29 SEPTEMBRE 1995\",\n  \"document_type\": \"procès-verbal\",\n  \"summary\": \"Le document est un compte-rendu d'une séance tenue le 29 septembre 1995, où le compte de campagne de Monsieur Jacques CHEMINADE est examiné. Le compte présente un léger excédent de recettes de 32,06 F et des dépenses de 4 718 008 F. Les recettes proviennent de dons de personnes physiques, de prêts de personnes physiques, de deux emprunts bancaires, des avances du parti 'fédération pour une nouvelle solidarité' et de l'avance forfaitaire de l'Etat. Le compte de campagne est présenté par un expert comptable, Monsieur François COLINET. Le mandataire financier a ouvert un compte chèque postal (CCP) n° : 37 573 49 R, le 7 décembre 1994 sous l'intitulé : 'Monsieur Pierre BONNEFOY, mandataire financier de Monsieur Jacques CHEMINADE'.\",\n  \"key_points\": [\n    \"Le compte de campagne de Monsieur Jacques CHEMINADE a été déposé au Conseil constitutionnel le 7 juillet 1995.\",\n    \"Le compte présente un léger excédent de recettes de 32,06 F.\",\n    \"Les dépenses sont de 4 718 008 F.\",\n    \"Les recettes proviennent de dons de personnes physiques, de prêts de personnes physiques, de deux emprunts bancaires, des avances du parti 'fédération pour une nouvelle solidarité' et de l'avance forfaitaire de l'Etat.\",\n    \"Le compte de campagne est présenté par un expert comptable, Monsieur François COLINET.\",\n    \"Le mandataire financier a ouvert un compte chèque postal (CCP) n° : 37 573 49 R, le 7 décembre 1994 sous l'intitulé : 'Monsieur Pierre BONNEFOY, mandataire financier de Monsieur Jacques CHEMINADE'.\"\n  ],\n  \"authors\": [\n    \"Monsieur le Président\",\n    \"Monsieur LOLOUM\",\n    \"Monsieur GAUTIER\"\n  ],\n  \"date\": \"29 septembre 1995\",\n  \"organizations\": [\n    \"Conseil constitutionnel\",\n    \"fédération pour une nouvelle solidarité\"\n  ]\n}",
  "markdown_files": [
    "page_1.md",
    "page_2.md",
    "page_3.md",
    "page_4.md",
    "page_5.md",
    "page_6.md",
    "page_7.md",
    "page_8.md"
  ],
  "images": [],
  "processing_info": {
    "blocks_processed": 1,
    "max_pages_limit": 8
  }
}