{
  "source_file": "23248.pdf",
  "total_pages": 8,
  "total_images": 2,
  "document_annotation": "{\n  \"language\": \"fr\",\n  \"title\": \"Rapport d'Activité\",\n  \"document_type\": \"rapport\",\n  \"summary\": \"Le rapport d'activité de l'ORSTOM (Institut Français de Recherche Scientifique pour le Développement en Coopération) pour l'année 1985 présente les efforts de renouvellement et de modernisation de l'institut. Il met en lumière les progrès réalisés dans divers départements de recherche, notamment en climatologie, en développement, et en coopération internationale. Le rapport souligne également les défis et les succès de l'institut, y compris l'installation dans de nouveaux locaux, l'obtention de crédits nécessaires pour des projets de construction et de modernisation, et le renforcement des liens de coopération avec divers pays et institutions. Les activités de recherche sont décrites comme étant très productives, avec des résultats fondamentaux et appliqués issus de longues années d'efforts continus. Le rapport inclut également des discussions sur les stratégies de prévention et de contrôle, les conditions de la sécurité alimentaire, et les moyens financiers et humains de l'institut.\",\n  \"key_points\": [\n    \"Efforts de renouvellement et de modernisation de l'ORSTOM en 1985.\",\n    \"Installation dans de nouveaux locaux et obtention de crédits pour des projets de construction.\",\n    \"Renforcement des liens de coopération avec divers pays et institutions.\",\n    \"Activités de recherche très productives avec des résultats fondamentaux et appliqués.\",\n    \"Discussion sur les stratégies de prévention et de contrôle, les conditions de la sécurité alimentaire, et les moyens financiers et humains de l'institut.\"\n  ],\n  \"authors\": [\n    \"Pierre LAVAU\",\n    \"Alain RUELLAN\"\n  ],\n  \"date\": \"1985\",\n  \"organizations\": [\n    \"ORSTOM\",\n    \"Institut Français de Recherche Scientifique pour le Développement en Coopération\"\n  ]\n}",
  "markdown_files": [
    "page_1.md",
    "page_2.md",
    "page_3.md",
    "page_4.md",
    "page_5.md",
    "page_6.md",
    "page_7.md",
    "page_8.md"
  ],
  "images": [
    {
      "id": "img-0.jpeg",
      "filename": "page1_img1.jpg",
      "page": 1,
      "position": {
        "top_left_x": 1406,
        "top_left_y": 749,
        "bottom_right_x": 1597,
        "bottom_right_y": 954
      },
      "annotation": "{\n  \"image_type\": \"logo\",\n  \"title\": \"Logo avec des cercles\",\n  \"short_description\": \"Image d'un logo composé de deux cercles gris sur un fond blanc\",\n  \"detailed_description\": \"L'image montre un logo simple mais élégant. Il se compose de deux cercles gris superposés, créant un effet visuel intéressant. Les cercles sont placés de manière à ce qu'ils se chevauchent partiellement, avec un espace blanc entre eux. Le fond de l'image est blanc, ce qui permet aux cercles gris de ressortir clairement.\",\n  \"data_extracted\": \"\"\n}"
    },
    {
      "id": "img-1.jpeg",
      "filename": "page5_img1.jpg",
      "page": 5,
      "position": {
        "top_left_x": 814,
        "top_left_y": 1436,
        "bottom_right_x": 1640,
        "bottom_right_y": 1941
      },
      "annotation": "{\n  \"image_type\": \"image\",\n  \"title\": \"Image satellite de nuages\",\n  \"short_description\": \"Une image satellite montrant des nuages au-dessus d'une région.\",\n  \"detailed_description\": \"Cette image en noir et blanc semble être une photographie satellite montrant une couverture nuageuse au-dessus d'une région. Les nuages apparaissent en blanc tandis que les zones sans nuages sont plus sombres. L'image semble être ancienne ou de faible résolution, ce qui rend difficile l'identification de détails spécifiques sur la surface terrestre en dessous.\",\n  \"data_extracted\": \"\"\n}"
    }
  ],
  "processing_info": {
    "blocks_processed": 1,
    "max_pages_limit": 8
  }
}