{
  "metadata": {
    "document_id": "compte-rendu-50-2003",
    "coverage_percentage": 100.0,
    "n_clusters": 1,
    "total_chunks": 1,
    "representative_chunks": 1,
    "avg_similarity": 1.0
  },
  "summary": {
    "title": "Compte rendu de la Commission internationale de numismatique (CIN) - Année 2003",
    "summary": "Ce document est le 50ᵉ compte rendu de la Commission internationale de numismatique (CIN) pour l'année 2003. Il présente la structure organisationnelle de la CIN, incluant la composition de son bureau, ses statuts, ainsi que des articles sur des numismates notables et l'histoire des collections numismatiques. Il aborde également les aspects financiers, les comptes rendus de réunions et les conditions de dissolution de la commission.",
    "key_concepts": [
      {
        "name": "Statuts et constitution de la CIN",
        "description": "Ensemble des règles et principes fondamentaux qui régissent le fonctionnement, l'organisation et les objectifs de la Commission internationale de numismatique.",
        "importance": 5
      },
      {
        "name": "Numismatique",
        "description": "Discipline scientifique étudiant les monnaies, médailles et objets apparentés, ainsi que leur histoire, leur production et leur circulation.",
        "importance": 5
      },
      {
        "name": "Bureau de la CIN",
        "description": "Instance dirigeante de la Commission internationale de numismatique, responsable de la gestion administrative, financière et organisationnelle.",
        "importance": 4
      },
      {
        "name": "Collections numismatiques",
        "description": "Ensembles de monnaies, médailles et objets apparentés, conservés dans des musées ou institutions, étudiés pour leur valeur historique et culturelle.",
        "importance": 4
      },
      {
        "name": "Finances et dissolution",
        "description": "Gestion des ressources financières de la CIN et conditions légales ou statutaires régissant sa dissolution éventuelle.",
        "importance": 3
      }
    ],
    "main_themes": [
      "Structure et gouvernance de la Commission internationale de numismatique (CIN)",
      "Histoire et contributions des numismates notables",
      "Gestion financière et administrative de la CIN",
      "Histoire des collections numismatiques et leur préservation",
      "Comptes rendus des réunions et assemblées générales"
    ],
    "document_type": "procès-verbal"
  },
  "mind_map": {
    "central_theme": "Commission internationale de numismatique (CIN) - Année 2003",
    "branches": [
      {
        "title": "Structure et gouvernance",
        "children": [
          {
            "title": "Composition du Bureau",
            "children": [
              {
                "title": "Membres du Bureau",
                "children": []
              },
              {
                "title": "Fonctions et responsabilités",
                "children": []
              }
            ]
          },
          {
            "title": "Statuts et Constitution",
            "children": [
              {
                "title": "Contenu des statuts",
                "children": []
              },
              {
                "title": "Modifications et mises à jour",
                "children": []
              },
              {
                "title": "Conditions de dissolution",
                "children": []
              }
            ]
          },
          {
            "title": "Affiliation",
            "children": [
              {
                "title": "Comité international des sciences historiques",
                "children": []
              }
            ]
          }
        ]
      },
      {
        "title": "Gestion administrative et financière",
        "children": [
          {
            "title": "Comptes de la Commission",
            "children": [
              {
                "title": "Bilan financier 2003",
                "children": []
              },
              {
                "title": "Siège de la CIN",
                "children": []
              }
            ]
          },
          {
            "title": "Assemblée générale",
            "children": [
              {
                "title": "Comptes rendus des réunions",
                "children": []
              },
              {
                "title": "Décisions et résolutions",
                "children": []
              }
            ]
          },
          {
            "title": "Liste des membres",
            "children": [
              {
                "title": "Membres institutionnels",
                "children": []
              },
              {
                "title": "Membres individuels",
                "children": []
              }
            ]
          }
        ]
      },
      {
        "title": "Histoire et contributions numismatiques",
        "children": [
          {
            "title": "Numismates notables",
            "children": [
              {
                "title": "Articles et hommages",
                "children": []
              },
              {
                "title": "Nécrologie (ex: Laura Breglia)",
                "children": []
              }
            ]
          },
          {
            "title": "Histoire des collections numismatiques",
            "children": [
              {
                "title": "Collections majeures",
                "children": []
              },
              {
                "title": "Préservation et conservation",
                "children": []
              }
            ]
          },
          {
            "title": "Organisations partenaires",
            "children": [
              {
                "title": "Musées et institutions (ex: Kunsthistorisches Museum, Harvard University)",
                "children": []
              }
            ]
          }
        ]
      },
      {
        "title": "Activités et réunions",
        "children": [
          {
            "title": "Comptes rendus des réunions du Bureau",
            "children": [
              {
                "title": "Réunions ordinaires",
                "children": []
              },
              {
                "title": "Réunions extraordinaires",
                "children": []
              }
            ]
          },
          {
            "title": "Événements et collaborations",
            "children": [
              {
                "title": "Projets internationaux",
                "children": []
              },
              {
                "title": "Publications et rapports",
                "children": []
              }
            ]
          }
        ]
      }
    ]
  }
}