{
  "source_file": "compte-rendu-50-2003.pdf",
  "total_pages": 8,
  "total_images": 1,
  "document_annotation": "{\n  \"language\": \"fr\",\n  \"title\": \"Compte rendu 50\",\n  \"document_type\": \"procès-verbal\",\n  \"summary\": \"Le document est un compte rendu de la Commission internationale de numismatique (CIN) pour l'année 2003. Il inclut la composition du bureau, les statuts, la constitution, des articles sur des numismates notables, l'histoire des collections numismatiques, une nécrologie, des comptes rendus de réunions, et des informations sur les membres de la commission. Le document détaille également les fonctions et les responsabilités du bureau, les finances, le siège, les modifications des statuts, et les conditions de dissolution de la CIN.\",\n  \"key_points\": [\n    \"Composition du Bureau de la CIN\",\n    \"Statuts et Constitution de la CIN\",\n    \"Articles sur des numismates notables\",\n    \"Histoire des collections numismatiques\",\n    \"Nécrologie de Laura Breglia\",\n    \"Comptes rendus des réunions du Bureau\",\n    \"Comptes de la Commission\",\n    \"Assemblée générale\",\n    \"Liste des membres de la Commission\",\n    \"Fonctions et responsabilités du Bureau\",\n    \"Finances et siège de la CIN\",\n    \"Modifications des statuts et dissolution\"\n  ],\n  \"authors\": [],\n  \"date\": \"2003\",\n  \"organizations\": [\n    \"Commission internationale de numismatique (CIN)\",\n    \"Comité international des sciences historiques\",\n    \"Museo Arqueológico Nacional\",\n    \"Dipartimento di Scienze dell'Antichità\",\n    \"Harvard University Art Museums\",\n    \"National Museum of Finland\",\n    \"Hunterian Museum\",\n    \"Kunsthistorisches Museum\",\n    \"State Puskhin Museum of Fine Arts\",\n    \"Münzkabinett und Antikensammlung der Stadt Winterthur\"\n  ]\n}",
  "markdown_files": [
    "page_1.md",
    "page_2.md",
    "page_3.md",
    "page_4.md",
    "page_5.md",
    "page_6.md",
    "page_7.md",
    "page_8.md"
  ],
  "images": [
    {
      "id": "img-0.jpeg",
      "filename": "page2_img1.jpg",
      "page": 2,
      "position": {
        "top_left_x": 400,
        "top_left_y": 355,
        "bottom_right_x": 788,
        "bottom_right_y": 732
      },
      "annotation": "{\n  \"image_type\": \"logo\",\n  \"title\": \"Logo du National Geographic\",\n  \"short_description\": \"Logo du National Geographic avec une représentation stylisée de la Terre.\",\n  \"detailed_description\": \"Le logo du National Geographic présente une grande lettre 'N' stylisée en noir, avec une représentation de la Terre intégrée dans la lettre. La Terre est détaillée avec des lignes de longitude et de latitude, et les continents sont visibles. Le design est simple mais distinctif, reflétant le thème géographique de la marque.\",\n  \"data_extracted\": \"\"\n}"
    }
  ],
  "processing_info": {
    "blocks_processed": 1,
    "max_pages_limit": 8
  }
}