{
  "metadata": {
    "document_id": "CAT_C_SR.229-FR",
    "coverage_percentage": 100.0,
    "n_clusters": 1,
    "total_chunks": 1,
    "representative_chunks": 1,
    "avg_similarity": 1.0
  },
  "summary": {
    "title": "Compte rendu analytique de la 229ème séance publique du Comité contre la torture : Examen du deuxième rapport périodique du Danemark",
    "summary": "Ce document est le compte rendu de la première partie (publique) de la 229ème séance du Comité contre la torture des Nations Unies, tenue le 14 novembre 1995. Il porte sur l'examen du deuxième rapport périodique du Danemark concernant l'application de la Convention contre la torture et autres peines ou traitements cruels, inhumains ou dégradants. Les discussions ont notamment abordé le système juridique danois, les réformes législatives et les mécanismes de traitement des plaintes contre la police.",
    "key_concepts": [
      {
        "name": "Système dualiste",
        "description": "Mécanisme juridique par lequel le Danemark incorpore les instruments internationaux, comme les conventions des Nations Unies, dans son droit interne. Cela nécessite une transposition législative pour que ces instruments soient applicables.",
        "importance": 5
      },
      {
        "name": "Convention contre la torture",
        "description": "Traité international des Nations Unies visant à prévenir et réprimer la torture et les peines ou traitements cruels, inhumains ou dégradants dans le monde.",
        "importance": 5
      },
      {
        "name": "Ombudsman",
        "description": "Institution indépendante chargée de surveiller l'administration publique et de protéger les droits des citoyens, notamment en matière de plaintes contre les abus de pouvoir.",
        "importance": 4
      },
      {
        "name": "Réformes législatives",
        "description": "Modifications apportées à la législation danoise pour se conformer aux obligations internationales, notamment en matière de traitement des plaintes contre la police et de définition de la torture.",
        "importance": 4
      },
      {
        "name": "Procédures judiciaires",
        "description": "Mécanismes juridiques mis en place pour garantir le respect des droits humains et traiter les cas de torture ou de traitements inhumains, y compris les plaintes contre les forces de l'ordre.",
        "importance": 4
      }
    ],
    "main_themes": [
      "Examen des rapports périodiques des États parties à la Convention contre la torture",
      "Intégration des instruments internationaux dans le droit interne (système dualiste)",
      "Législation et réformes pour lutter contre la torture et les traitements inhumains",
      "Rôle de l'ombudsman et des procédures judiciaires dans la protection des droits humains",
      "Mesures pour améliorer le traitement des plaintes contre la police"
    ],
    "document_type": "procès-verbal"
  },
  "mind_map": {
    "central_theme": "Examen du deuxième rapport périodique du Danemark par le Comité contre la torture (229ème séance)",
    "branches": [
      {
        "title": "Contexte et cadre général",
        "children": [
          {
            "title": "Séance et organisation",
            "children": [
              {
                "title": "229ème séance publique du Comité contre la torture",
                "children": []
              },
              {
                "title": "Date et lieu : 14 novembre 1995, Genève",
                "children": []
              }
            ]
          },
          {
            "title": "Acteurs impliqués",
            "children": [
              {
                "title": "Nations Unies (Comité contre la torture)",
                "children": []
              },
              {
                "title": "Représentants du Danemark",
                "children": []
              },
              {
                "title": "Président : M. Dipanda Mouelle",
                "children": []
              },
              {
                "title": "Experts : M. Reimann et autres",
                "children": []
              }
            ]
          },
          {
            "title": "Documentation",
            "children": [
              {
                "title": "Deuxième rapport périodique du Danemark",
                "children": []
              },
              {
                "title": "Compte rendu analytique (CAT/C/SR.229)",
                "children": []
              }
            ]
          }
        ]
      },
      {
        "title": "Intégration des instruments internationaux",
        "children": [
          {
            "title": "Système dualiste du Danemark",
            "children": [
              {
                "title": "Définition : Intégration des traités internationaux dans le droit interne",
                "children": []
              },
              {
                "title": "Application de la Convention contre la torture",
                "children": []
              }
            ]
          },
          {
            "title": "Législation nationale",
            "children": [
              {
                "title": "Adaptation des lois danoises aux normes internationales",
                "children": []
              },
              {
                "title": "Mesures législatives spécifiques contre la torture",
                "children": []
              }
            ]
          },
          {
            "title": "Convention contre la torture",
            "children": [
              {
                "title": "Article 19 : Obligation de présenter des rapports",
                "children": []
              },
              {
                "title": "Définition de la torture et des traitements inhumains",
                "children": []
              }
            ]
          }
        ]
      },
      {
        "title": "Législation et réformes",
        "children": [
          {
            "title": "Réformes législatives",
            "children": [
              {
                "title": "Renforcement des lois contre la torture",
                "children": []
              },
              {
                "title": "Adaptation aux recommandations du Comité",
                "children": []
              }
            ]
          },
          {
            "title": "Traitement des plaintes contre la police",
            "children": [
              {
                "title": "Réformes du système de traitement des plaintes",
                "children": []
              },
              {
                "title": "Mesures pour garantir l'impartialité",
                "children": []
              }
            ]
          },
          {
            "title": "Définitions et sanctions",
            "children": [
              {
                "title": "Définition légale de la torture",
                "children": []
              },
              {
                "title": "Sanctions pour les traitements inhumains ou dégradants",
                "children": []
              }
            ]
          }
        ]
      },
      {
        "title": "Mécanismes de protection des droits humains",
        "children": [
          {
            "title": "Rôle de l'ombudsman",
            "children": [
              {
                "title": "Fonctions et pouvoirs",
                "children": []
              },
              {
                "title": "Rôle dans la protection contre la torture",
                "children": []
              }
            ]
          },
          {
            "title": "Procédures judiciaires",
            "children": [
              {
                "title": "Accès à la justice pour les victimes",
                "children": []
              },
              {
                "title": "Rôle des tribunaux dans l'application de la Convention",
                "children": []
              }
            ]
          },
          {
            "title": "Surveillance et évaluation",
            "children": [
              {
                "title": "Suivi des recommandations du Comité",
                "children": []
              },
              {
                "title": "Évaluation périodique des mesures prises",
                "children": []
              }
            ]
          }
        ]
      },
      {
        "title": "Débats et questions clés",
        "children": [
          {
            "title": "Points discutés lors de la séance",
            "children": [
              {
                "title": "Application effective de la Convention",
                "children": []
              },
              {
                "title": "Définitions légales et leur conformité",
                "children": []
              }
            ]
          },
          {
            "title": "Recommandations du Comité",
            "children": [
              {
                "title": "Amélioration des procédures judiciaires",
                "children": []
              },
              {
                "title": "Renforcement des mécanismes de plainte",
                "children": []
              }
            ]
          },
          {
            "title": "Prochaines étapes",
            "children": [
              {
                "title": "Publication des comptes rendus (addendas)",
                "children": []
              },
              {
                "title": "Calendrier des rectifications et suivis",
                "children": []
              }
            ]
          }
        ]
      }
    ]
  }
}