{
  "source_file": "CAT_C_SR.229-FR.pdf",
  "total_pages": 8,
  "total_images": 1,
  "document_annotation": "{\n  \"language\": \"fr\",\n  \"title\": \"Compte rendu analytique de la première partie (publique) de la 229ème séance du Comité contre la torture\",\n  \"document_type\": \"procès-verbal\",\n  \"summary\": \"Le document est un compte rendu de la première partie (publique) de la 229ème séance du Comité contre la torture des Nations Unies, tenue le 14 novembre 1995 à Genève. La séance a examiné le deuxième rapport périodique du Danemark, avec une discussion sur l'application de la Convention contre la torture et autres peines ou traitements cruels, inhumains ou dégradants. Les points clés incluent l'examen du système dualiste du Danemark pour incorporer les instruments internationaux dans le droit interne, la législation danoise concernant la torture et les traitements inhumains, et les mesures prises par le Danemark pour se conformer à la Convention. Le document mentionne également des questions spécifiques sur les procédures judiciaires, l'ombudsman, et les réformes du système de traitement des plaintes contre la police.\",\n  \"key_points\": [\n    \"Examen du deuxième rapport périodique du Danemark.\",\n    \"Discussion sur le système dualiste du Danemark pour incorporer les instruments internationaux dans le droit interne.\",\n    \"Législation danoise concernant la torture et les traitements inhumains.\",\n    \"Rôle de l'ombudsman et des procédures judiciaires.\",\n    \"Réformes du système de traitement des plaintes contre la police.\",\n    \"Questions sur l'application de la Convention contre la torture.\",\n    \"Débats sur les définitions et les mesures législatives spécifiques.\"\n  ],\n  \"authors\": [\n    \"M. Reimann\",\n    \"M. Dipanda Mouelle\"\n  ],\n  \"date\": \"14 novembre 1995\",\n  \"organizations\": [\n    \"Nations Unies\",\n    \"Comité contre la torture\",\n    \"Danemark\"\n  ]\n}",
  "markdown_files": [
    "page_1.md",
    "page_2.md",
    "page_3.md",
    "page_4.md",
    "page_5.md",
    "page_6.md",
    "page_7.md",
    "page_8.md"
  ],
  "images": [
    {
      "id": "img-0.jpeg",
      "filename": "page1_img1.jpg",
      "page": 1,
      "position": {
        "top_left_x": 193,
        "top_left_y": 311,
        "bottom_right_x": 370,
        "bottom_right_y": 472
      },
      "annotation": "{\n  \"image_type\": \"logo\",\n  \"title\": \"Logo des Nations Unies\",\n  \"short_description\": \"Logo des Nations Unies avec une carte du monde et des branches d'olivier.\",\n  \"detailed_description\": \"Le logo des Nations Unies est composé d'une carte du monde stylisée en bleu, entourée de branches d'olivier. La carte du monde est centrée et les branches d'olivier sont disposées symétriquement de chaque côté, symbolisant la paix et la coopération internationale.\",\n  \"data_extracted\": \"\"\n}"
    }
  ],
  "processing_info": {
    "blocks_processed": 1,
    "max_pages_limit": 8
  }
}