{
  "metadata": {
    "document_id": "rapport_mindlet",
    "coverage_percentage": 100.0,
    "n_clusters": 1,
    "total_chunks": 1,
    "representative_chunks": 1,
    "avg_similarity": 1.0
  },
  "summary": {
    "title": "Cahier des charges et analyse de l'application Mindlet : une plateforme d'apprentissage collaborative et neurosciencifique",
    "summary": "Ce document présente le cahier des charges de l'application **Mindlet**, une plateforme innovante conçue pour transformer l'apprentissage collaboratif grâce à l'intelligence artificielle et des méthodes pédagogiques basées sur les neurosciences. Il détaille ses fonctionnalités (flashcards, quiz, jeux de correspondance), son approche neurosciencifique, ainsi qu'une analyse concurrentielle et une étude SWOT pour évaluer ses forces, faiblesses, opportunités et menaces.",
    "key_concepts": [
      {
        "name": "Apprentissage collaboratif",
        "description": "Approche pédagogique centrée sur l'interaction sociale et le partage de connaissances entre utilisateurs, renforçant l'engagement et la personnalisation de l'apprentissage.",
        "importance": 5
      },
      {
        "name": "Neurosciences appliquées à la pédagogie",
        "description": "Utilisation de méthodes d'apprentissage conçues pour stimuler différentes fonctions cérébrales (mémoire visuelle, mémoire à long terme, logique) afin d'optimiser la rétention des informations.",
        "importance": 4
      },
      {
        "name": "Intelligence Artificielle (IA)",
        "description": "Technologie intégrée à Mindlet pour personnaliser l'expérience utilisateur en fonction des préférences, objectifs et progrès de chacun.",
        "importance": 4
      },
      {
        "name": "Analyse SWOT",
        "description": "Outil stratégique utilisé pour évaluer les **forces**, **faiblesses**, **opportunités** et **menaces** de l'application Mindlet dans son environnement concurrentiel.",
        "importance": 3
      },
      {
        "name": "Flashcards et méthodes ludiques",
        "description": "Outils d'apprentissage interactifs (flashcards, quiz, jeux de correspondance) conçus pour rendre l'apprentissage plus engageant et efficace.",
        "importance": 4
      }
    ],
    "main_themes": [
      "Innovation pédagogique et apprentissage collaboratif",
      "Rôle des neurosciences dans l'optimisation de l'apprentissage",
      "Intégration de l'intelligence artificielle dans les outils éducatifs",
      "Analyse concurrentielle et stratégique (SWOT) des applications d'apprentissage",
      "Conception et fonctionnalités d'une plateforme éducative moderne"
    ],
    "document_type": "rapport"
  },
  "mind_map": {
    "central_theme": "Mindlet : Plateforme d'apprentissage collaborative et neurosciencifique",
    "branches": [
      {
        "title": "Innovation pédagogique et apprentissage collaboratif",
        "children": [
          {
            "title": "Concept principal",
            "children": [
              {
                "title": "Réseau social éducatif innovant",
                "children": []
              },
              {
                "title": "Apprentissage interactif et accessible",
                "children": []
              }
            ]
          },
          {
            "title": "Mission",
            "children": [
              {
                "title": "Transformer l'apprentissage avec l'IA et les interactions sociales",
                "children": []
              },
              {
                "title": "Personnalisation selon les besoins et objectifs des utilisateurs",
                "children": []
              }
            ]
          },
          {
            "title": "Fonctionnalités collaboratives",
            "children": [
              {
                "title": "Création et partage de collections de flashcards",
                "children": []
              },
              {
                "title": "Commentaires et enrichissement collaboratif",
                "children": []
              },
              {
                "title": "Apprentissage collectif et ludique",
                "children": []
              }
            ]
          }
        ]
      },
      {
        "title": "Neurosciences et optimisation de l'apprentissage",
        "children": [
          {
            "title": "Méthodes d'apprentissage et leurs effets",
            "children": [
              {
                "title": "Flashcards : mémoire visuelle et répétition espacée",
                "children": []
              },
              {
                "title": "Quiz : mémoire de rappel et rétention à long terme",
                "children": []
              },
              {
                "title": "Jeux de correspondance : reconnaissance et logique",
                "children": []
              }
            ]
          },
          {
            "title": "Fonctions cérébrales stimulées",
            "children": [
              {
                "title": "Mémoire de travail",
                "children": []
              },
              {
                "title": "Mémoire à long terme",
                "children": []
              },
              {
                "title": "Mémoire visuelle",
                "children": []
              }
            ]
          },
          {
            "title": "Approche neurosciencifique",
            "children": [
              {
                "title": "Maximisation de l'impact pédagogique",
                "children": []
              },
              {
                "title": "Activation de plusieurs régions cérébrales",
                "children": []
              }
            ]
          }
        ]
      },
      {
        "title": "Intégration de l'intelligence artificielle",
        "children": [
          {
            "title": "Rôle de l'IA dans Mindlet",
            "children": [
              {
                "title": "Personnalisation de l'expérience d'apprentissage",
                "children": []
              },
              {
                "title": "Adaptation aux préférences et objectifs des utilisateurs",
                "children": []
              }
            ]
          },
          {
            "title": "Technologies utilisées",
            "children": [
              {
                "title": "IA avancée pour un apprentissage dynamique",
                "children": []
              },
              {
                "title": "Environnement intuitif et moderne",
                "children": []
              }
            ]
          },
          {
            "title": "Bénéfices de l'IA",
            "children": [
              {
                "title": "Apprentissage plus engageant",
                "children": []
              },
              {
                "title": "Optimisation des méthodes pédagogiques",
                "children": []
              }
            ]
          }
        ]
      },
      {
        "title": "Analyse stratégique et concurrentielle",
        "children": [
          {
            "title": "Analyse SWOT",
            "children": [
              {
                "title": "Forces : innovation, collaboration, IA",
                "children": []
              },
              {
                "title": "Faiblesses : adoption initiale, concurrence",
                "children": []
              },
              {
                "title": "Opportunités : marché en croissance, besoins éducatifs",
                "children": []
              },
              {
                "title": "Menaces : saturation du marché, résistance au changement",
                "children": []
              }
            ]
          },
          {
            "title": "Applications concurrentes",
            "children": [
              {
                "title": "Étude des fonctionnalités des concurrents",
                "children": []
              },
              {
                "title": "Positionnement de Mindlet sur le marché",
                "children": []
              }
            ]
          },
          {
            "title": "Personas utilisateurs",
            "children": [
              {
                "title": "Identification des besoins des utilisateurs",
                "children": []
              },
              {
                "title": "Adaptation de l'application aux profils variés",
                "children": []
              }
            ]
          }
        ]
      },
      {
        "title": "Conception et fonctionnalités de la plateforme",
        "children": [
          {
            "title": "Fonctionnalités principales",
            "children": [
              {
                "title": "Création de collections de flashcards",
                "children": []
              },
              {
                "title": "Quiz et évaluations interactives",
                "children": []
              },
              {
                "title": "Jeux de correspondance (Match)",
                "children": []
              }
            ]
          },
          {
            "title": "Design et expérience utilisateur",
            "children": [
              {
                "title": "Environnement intuitif et dynamique",
                "children": []
              },
              {
                "title": "Accessibilité et convivialité",
                "children": []
              }
            ]
          },
          {
            "title": "Méthodes ludiques",
            "children": [
              {
                "title": "Engagement par le jeu",
                "children": []
              },
              {
                "title": "Renforcement de la motivation et de la rétention",
                "children": []
              }
            ]
          }
        ]
      }
    ]
  }
}