{
  "source_file": "rapport_mindlet.pdf",
  "total_pages": 32,
  "total_images": 3,
  "document_annotation": "{\n  \"language\": \"fr\",\n  \"title\": \"Cahier des charges pour l'application Mindlet\",\n  \"document_type\": \"rapport\",\n  \"summary\": \"Le document présente une analyse détaillée de l'application Mindlet, une plateforme d'apprentissage collaborative et innovante. Il décrit les fonctionnalités principales de Mindlet, telles que la création de collections de flashcards, l'utilisation de quiz et de jeux de correspondance pour stimuler différentes fonctions cérébrales, et l'intégration de l'intelligence artificielle pour personnaliser l'expérience d'apprentissage. Le document met également en avant l'approche neurosciencifique et pédagogique de Mindlet, qui vise à maximiser l'impact pédagogique en activant la mémoire de travail, la mémoire à long terme et la mémoire visuelle. De plus, il explore les applications concurrentes et les personas utilisateurs, fournissant une analyse SWOT pour identifier les forces, faiblesses, opportunités et menaces de Mindlet.\",\n  \"key_points\": [\n    \"Mindlet est une application d'apprentissage collaborative et innovante.\",\n    \"Elle utilise des technologies d'intelligence artificielle avancées pour personnaliser l'apprentissage.\",\n    \"Les fonctionnalités incluent des flashcards, des quiz et des jeux de correspondance.\",\n    \"L'approche neurosciencifique et pédagogique de Mindlet maximise l'impact pédagogique.\",\n    \"Le document analyse les applications concurrentes et les personas utilisateurs.\",\n    \"Une analyse SWOT est fournie pour identifier les forces, faiblesses, opportunités et menaces de Mindlet.\"\n  ],\n  \"authors\": [\n    \"Anthony Menghi\",\n    \"Mehdi Ghoulam\"\n  ],\n  \"date\": \"04/11/2024\",\n  \"organizations\": [\n    \"Universita di Corsica\",\n    \"Faculté Sciences et Techniques\"\n  ]\n}",
  "markdown_files": [
    "page_1.md",
    "page_2.md",
    "page_3.md",
    "page_4.md",
    "page_5.md",
    "page_6.md",
    "page_7.md",
    "page_8.md",
    "page_9.md",
    "page_10.md",
    "page_11.md",
    "page_12.md",
    "page_13.md",
    "page_14.md",
    "page_15.md",
    "page_16.md",
    "page_17.md",
    "page_18.md",
    "page_19.md",
    "page_20.md",
    "page_21.md",
    "page_22.md",
    "page_23.md",
    "page_24.md",
    "page_25.md",
    "page_26.md",
    "page_27.md",
    "page_28.md",
    "page_29.md",
    "page_30.md",
    "page_31.md",
    "page_32.md"
  ],
  "images": [
    {
      "id": "img-0.jpeg",
      "filename": "page15_img1.jpg",
      "page": 15,
      "position": {
        "top_left_x": 306,
        "top_left_y": 228,
        "bottom_right_x": 1373,
        "bottom_right_y": 1905
      },
      "annotation": "{\"image_type\": \"diagram\", \"title\": \"Diagramme de cas d'utilisation\", \"short_description\": \"Un diagramme de cas d'utilisation pour une application\", \"detailed_description\": \"Ce diagramme de cas d'utilisation illustre les différentes fonctionnalités et interactions pour un utilisateur d'une application. Il inclut des cas d'utilisation tels que l'authentification, la gestion des decks, des cartes, des parties de jeu, de la messagerie, des recommandations, des paramètres, des profils utilisateurs, et des fonctionnalités de l'application. Chaque cas d'utilisation est détaillé avec des actions spécifiques que l'utilisateur peut effectuer.\", \"data_extracted\": \"\"}"
    },
    {
      "id": "img-1.jpeg",
      "filename": "page16_img1.jpg",
      "page": 16,
      "position": {
        "top_left_x": 217,
        "top_left_y": 563,
        "bottom_right_x": 1475,
        "bottom_right_y": 1463
      },
      "annotation": "{\n  \"image_type\": \"diagram\",\n  \"title\": \"Flux utilisateur pour la création et la gestion de decks\",\n  \"short_description\": \"Diagramme de flux utilisateur pour la création et la gestion de decks dans une application.\",\n  \"detailed_description\": \"Ce diagramme de flux utilisateur illustre les différentes étapes et interactions pour créer et gérer des decks dans une application. Il commence par l'écran de connexion ou de création de compte, puis guide l'utilisateur à travers les processus de création de decks, d'ajout de cartes, et de modification des decks. Les différentes étapes sont connectées par des flèches indiquant le flux de navigation entre les écrans.\",\n  \"data_extracted\": \"\"\n}"
    },
    {
      "id": "img-0.jpeg",
      "filename": "page20_img1.jpg",
      "page": 20,
      "position": {
        "top_left_x": 205,
        "top_left_y": 242,
        "bottom_right_x": 1479,
        "bottom_right_y": 1786
      },
      "annotation": "{\"image_type\": \"schema\", \"title\": \"Schéma de la base de données\", \"short_description\": \"Schéma de la base de données pour une application de messagerie et de gestion de collections.\", \"detailed_description\": \"Ce schéma de base de données montre les différentes tables et leurs relations pour une application de messagerie et de gestion de collections. Les tables incluent DirectChat, DirectChatMessage, GroupChat, GroupChatMember, Message, Notification, User, Card, Collection, CollectionCollaborator, CollectionInvitation, CardProgression, GameSession, GameMode, GameModeSetting, UserLike, UserFeature, et Feature. Chaque table est détaillée avec ses champs respectifs et leurs types de données.\", \"data_extracted\": \"\"}"
    }
  ],
  "processing_info": {
    "blocks_processed": 4,
    "max_pages_limit": 32
  }
}