{
  "metadata": {
    "document_id": "exportIr",
    "coverage_percentage": 100.0,
    "n_clusters": 1,
    "total_chunks": 1,
    "representative_chunks": 1,
    "avg_similarity": 1.0
  },
  "summary": {
    "title": "Répertoire alphabétique des dossiers individuels du Fichier central de la Sûreté nationale (fin XIXe-1940)",
    "summary": "Ce document est un répertoire alphabétique des dossiers individuels conservés par la Direction générale de la Sûreté nationale, couvrant la période de la fin du XIXe siècle à 1940. Produit par les Archives nationales de France, il permet un accès numérique aux plus de 600 000 dossiers du Fichier central, initialement consultables sur microfilms. Un partenariat avec Geneanet en 2020 a permis d'engager un dépouillement nominatif pour faciliter les recherches.",
    "key_concepts": [
      {
        "name": "Fichier central de la Sûreté nationale",
        "description": "Base de données historique regroupant des dossiers individuels de surveillance et de renseignement de la Sûreté nationale, couvrant la période de la fin du XIXe siècle à 1940.",
        "importance": 5
      },
      {
        "name": "Norme ISAD(G)",
        "description": "Norme internationale de description archivistique utilisée pour standardiser la présentation des instruments de recherche, comme les répertoires alphabétiques.",
        "importance": 4
      },
      {
        "name": "DTD EAD (Encoded Archival Description)",
        "description": "Standard technique utilisé pour encoder les descriptions archivistiques en format XML, facilitant leur diffusion et leur interopérabilité.",
        "importance": 4
      },
      {
        "name": "Dépouillement nominatif",
        "description": "Processus d'indexation des noms contenus dans les registres pour permettre des recherches ciblées et accessibles au public.",
        "importance": 3
      },
      {
        "name": "Archives numérisées",
        "description": "Documents historiques convertis en format numérique pour en faciliter l'accès et la préservation, notamment via des plateformes en ligne.",
        "importance": 5
      }
    ],
    "main_themes": [
      "Histoire administrative et policière de la France (fin XIXe-1940)",
      "Gestion et conservation des archives nationales",
      "Numérisation et accessibilité des documents historiques",
      "Collaboration entre institutions publiques et privées (Archives nationales et Geneanet)",
      "Méthodologies de description et standardisation archivistique"
    ],
    "document_type": "Répertoire alphabétique archivistique"
  },
  "mind_map": {
    "central_theme": "Répertoire alphabétique des dossiers individuels du Fichier central de la Sûreté nationale (fin XIXe-1940)",
    "branches": [
      {
        "title": "Contexte historique et administratif",
        "children": [
          {
            "title": "Période couverte",
            "children": [
              {
                "title": "Fin du XIXe siècle à 1940",
                "children": []
              }
            ]
          },
          {
            "title": "Institution responsable",
            "children": [
              {
                "title": "Direction générale de la Sûreté nationale",
                "children": []
              }
            ]
          },
          {
            "title": "Origine des archives",
            "children": [
              {
                "title": "Conservation initiale à Moscou",
                "children": []
              },
              {
                "title": "Retour et numérisation en France",
                "children": []
              }
            ]
          }
        ]
      },
      {
        "title": "Description et contenu du répertoire",
        "children": [
          {
            "title": "Type de document",
            "children": [
              {
                "title": "Répertoire alphabétique des dossiers individuels",
                "children": []
              }
            ]
          },
          {
            "title": "Informations contenues",
            "children": [
              {
                "title": "Nom et prénom",
                "children": []
              },
              {
                "title": "Date du dossier",
                "children": []
              }
            ]
          },
          {
            "title": "Volume des données",
            "children": [
              {
                "title": "Plus de 600 000 dossiers individuels",
                "children": []
              }
            ]
          }
        ]
      },
      {
        "title": "Normes et méthodologies archivistiques",
        "children": [
          {
            "title": "Normes appliquées",
            "children": [
              {
                "title": "ISAD(G) - Norme internationale de description archivistique",
                "children": []
              },
              {
                "title": "DTD EAD (Encoded Archival Description), version 2002",
                "children": []
              }
            ]
          },
          {
            "title": "Méthodologies de description",
            "children": [
              {
                "title": "Dépouillement nominatif des registres",
                "children": []
              },
              {
                "title": "Collaboration avec Geneanet (2020)",
                "children": []
              }
            ]
          },
          {
            "title": "Standardisation",
            "children": [
              {
                "title": "Utilisation de microfilms",
                "children": []
              },
              {
                "title": "Numérisation et accessibilité en ligne",
                "children": []
              }
            ]
          }
        ]
      },
      {
        "title": "Acteurs et collaborations",
        "children": [
          {
            "title": "Institutions publiques",
            "children": [
              {
                "title": "Archives nationales (France)",
                "children": []
              },
              {
                "title": "Direction générale de la Sûreté nationale",
                "children": []
              }
            ]
          },
          {
            "title": "Partenariats privés",
            "children": [
              {
                "title": "Geneanet (pour le dépouillement nominatif)",
                "children": []
              }
            ]
          },
          {
            "title": "Auteurs et contributeurs",
            "children": [
              {
                "title": "Emilie Charrier, chargée d'études documentaires",
                "children": []
              }
            ]
          }
        ]
      },
      {
        "title": "Accessibilité et diffusion",
        "children": [
          {
            "title": "Support initial",
            "children": [
              {
                "title": "Microfilms consultables sur place",
                "children": []
              }
            ]
          },
          {
            "title": "Numérisation",
            "children": [
              {
                "title": "Recherche à distance possible",
                "children": []
              }
            ]
          },
          {
            "title": "Mise à jour et indexation",
            "children": [
              {
                "title": "Lettres indexées régulièrement mises à jour",
                "children": []
              },
              {
                "title": "Liens vers inventaires nominatifs",
                "children": []
              }
            ]
          }
        ]
      }
    ]
  }
}