{
  "source_file": "exportIr.pdf",
  "total_pages": 8,
  "total_images": 1,
  "document_annotation": "{\n  \"language\": \"fr\",\n  \"title\": \"Intérieur ; Direction générale de Sûreté nationale. Fichier central de la Sûreté nationale : dossiers individuels (fin XIXe-1940)\",\n  \"document_type\": \"Répertoire alphabétique des dossiers conservés dans les versements 19940432 à 19940492\",\n  \"summary\": \"Ce document est un répertoire alphabétique des dossiers individuels conservés dans les versements 19940432 à 19940492 de la Direction générale de Sûreté nationale. Il couvre la période de la fin du XIXe siècle à 1940 et a été rédigé par Emilie Charrier, chargée d'études documentaires. Le document est une édition électronique des Archives nationales de France, située à Pierrefitte-sur-Seine. Il est conforme à la norme ISAD(G) et aux règles d'application de la DTD EAD (version 2002) aux Archives nationales. Le répertoire permet l'accès aux répertoires alphabétiques inventoriant les millions de dossiers composant le Fichier central de la Sûreté nationale en 1940. Les répertoires ont été établis par les archivistes russes lorsque le fonds était conservé à Moscou et étaient consultables sur microfilms. La numérisation des microfilms permet désormais la recherche à distance parmi les plus de 600 000 dossiers individuels. Les répertoires comportent les renseignements suivants : nom et prénom, date du dossier. En 2020, un dépouillement nominatif des registres est engagé en partenariat avec Geneanet, afin de permettre les recherches nominatives. Les lettres indexées sont indiquées dans l'inventaire ci-contre et mises à jour régulièrement, avec des liens vers les inventaires nominatifs.\",\n  \"key_points\": [\n    \"Le document est un répertoire alphabétique des dossiers individuels de la Direction générale de Sûreté nationale.\",\n    \"Il couvre la période de la fin du XIXe siècle à 1940.\",\n    \"Le répertoire a été rédigé par Emilie Charrier, chargée d'études documentaires.\",\n    \"Il est conforme à la norme ISAD(G) et aux règles d'application de la DTD EAD (version 2002) aux Archives nationales.\",\n    \"Les répertoires comportent les renseignements suivants : nom et prénom, date du dossier.\",\n    \"Un dépouillement nominatif des registres est engagé en partenariat avec Geneanet en 2020.\"\n  ],\n  \"authors\": [\n    \"Emilie Charrier\"\n  ],\n  \"date\": \"2014\",\n  \"organizations\": [\n    \"Archives nationales (France)\",\n    \"Direction générale de Sûreté nationale\",\n    \"Geneanet\"\n  ]\n}",
  "markdown_files": [
    "page_1.md",
    "page_2.md",
    "page_3.md",
    "page_4.md",
    "page_5.md",
    "page_6.md",
    "page_7.md",
    "page_8.md"
  ],
  "images": [
    {
      "id": "img-0.jpeg",
      "filename": "page1_img1.jpg",
      "page": 1,
      "position": {
        "top_left_x": 639,
        "top_left_y": 102,
        "bottom_right_x": 1016,
        "bottom_right_y": 271
      },
      "annotation": "{\n  \"image_type\": \"logo\",\n  \"title\": \"Archives Nationales\",\n  \"short_description\": \"Logo des Archives Nationales\",\n  \"detailed_description\": \"Le logo des Archives Nationales est composé des mots 'Archives Nationales' avec des couleurs distinctes pour chaque lettre. Les lettres 'A' et 'N' sont en doré, tandis que les autres lettres sont en bleu.\",\n  \"data_extracted\": \"\"\n}"
    }
  ],
  "processing_info": {
    "blocks_processed": 1,
    "max_pages_limit": 8
  }
}