{
  "source_file": "5-qst-1975-03-01.pdf",
  "total_pages": 32,
  "total_images": 0,
  "document_annotation": "{\n  \"language\": \"fr\",\n  \"title\": \"Journal Officiel de la République Française - Débats Parlementaires\",\n  \"document_type\": \"procès-verbal\",\n  \"summary\": \"Le document est un compte rendu intégral des séances de l'Assemblée Nationale française, daté du 1er mars 1975. Il inclut des questions écrites remises à la présidence de l'Assemblée Nationale et des réponses des ministres aux questions écrites. Les sujets abordés incluent des questions sur la politique agricole, la radiodiffusion et la télévision nationales, les anciens combattants, les fonctionnaires, les accidents du travail, les affaires étrangères, l'agriculture, les anciens combattants, le commerce et l'artisanat, le commerce extérieur, la coopération, la culture, et la défense.\",\n  \"key_points\": [\n    \"Questions écrites remises à la présidence de l'Assemblée Nationale.\",\n    \"Réponses des ministres aux questions écrites.\",\n    \"Sujets abordés: politique agricole, radiodiffusion et télévision nationales, anciens combattants, fonctionnaires, accidents du travail, affaires étrangères, agriculture, anciens combattants, commerce et artisanat, commerce extérieur, coopération, culture, défense.\",\n    \"Détails spécifiques sur les questions et réponses concernant divers aspects de la politique et de l'administration française.\"\n  ],\n  \"authors\": [],\n  \"date\": \"1er Mars 1975\",\n  \"organizations\": [\n    \"Assemblée Nationale\",\n    \"Journal Officiel de la République Française\"\n  ]\n}",
  "markdown_files": [
    "page_1.md",
    "page_2.md",
    "page_3.md",
    "page_4.md",
    "page_5.md",
    "page_6.md",
    "page_7.md",
    "page_8.md",
    "page_9.md",
    "page_10.md",
    "page_11.md",
    "page_12.md",
    "page_13.md",
    "page_14.md",
    "page_15.md",
    "page_16.md",
    "page_17.md",
    "page_18.md",
    "page_19.md",
    "page_20.md",
    "page_21.md",
    "page_22.md",
    "page_23.md",
    "page_24.md",
    "page_25.md",
    "page_26.md",
    "page_27.md",
    "page_28.md",
    "page_29.md",
    "page_30.md",
    "page_31.md",
    "page_32.md"
  ],
  "images": [],
  "processing_info": {
    "blocks_processed": 4,
    "max_pages_limit": 32
  }
}