{
  "metadata": {
    "document_id": "5-qst-1975-03-01",
    "coverage_percentage": 83.33333333333333,
    "n_clusters": 3,
    "total_chunks": 6,
    "representative_chunks": 5,
    "avg_similarity": 0.9196449185931496
  },
  "summary": {
    "title": "Débats parlementaires de l'Assemblée Nationale française (1er mars 1975) : Questions écrites et réponses des ministres sur des enjeux socio-économiques et législatifs",
    "summary": "Ce document est un compte rendu intégral des séances de l'Assemblée Nationale française, daté du 1er mars 1975. Il présente les questions écrites posées par les députés à divers ministres ainsi que les réponses apportées, abordant des sujets variés tels que la politique agricole, la fiscalité, les droits des citoyens, la langue française, ou encore les incompatibilités parlementaires. Ces échanges reflètent les préoccupations socio-économiques et législatives de l'époque.",
    "key_concepts": [
      {
        "name": "Questions écrites et réponses ministérielles",
        "description": "Mécanisme parlementaire permettant aux députés d'interpeller les ministres sur des sujets spécifiques, nécessitant une réponse écrite et publiée au Journal Officiel.",
        "importance": 5
      },
      {
        "name": "Politique agricole et pouvoir d'achat",
        "description": "Enjeux liés à la dégradation du revenu des agriculteurs, à l'inflation et à la nécessité de mesures nationales pour soutenir le secteur agricole.",
        "importance": 4
      },
      {
        "name": "Droit de réponse dans les médias",
        "description": "Application du droit de réponse à la radio et à la télévision, encadré par des décrets d'application issus de lois parlementaires.",
        "importance": 3
      },
      {
        "name": "Fiscalité et équité sociale",
        "description": "Débats sur les disparités fiscales, notamment en matière de taxes d'habitation, de successions ou de contributions communales, et leur impact sur les citoyens.",
        "importance": 4
      },
      {
        "name": "Incompatibilités parlementaires",
        "description": "Règles encadrant les cumuls de fonctions pour les députés, notamment dans le secteur public, afin d'éviter les conflits d'intérêts.",
        "importance": 3
      }
    ],
    "main_themes": [
      "Politique agricole et revenus des agriculteurs",
      "Réglementation des médias et droits des citoyens (droit de réponse, usage de la langue française)",
      "Fiscalité et équité sociale (taxes, successions, dégrèvements)",
      "Gestion des collectivités locales et péréquation financière",
      "Éthique et incompatibilités parlementaires"
    ],
    "document_type": "procès-verbal"
  },
  "mind_map": {
    "central_theme": "Débats parlementaires de l'Assemblée Nationale française - 1er mars 1975 : Enjeux socio-économiques et législatifs",
    "branches": [
      {
        "title": "Politique agricole et revenus des agriculteurs",
        "children": [
          {
            "title": "Dégradation du revenu agricole",
            "children": [
              {
                "title": "Baisse de 15 % du pouvoir d'achat en 1974",
                "children": []
              },
              {
                "title": "Impact de l'inflation sur les prix agricoles",
                "children": []
              }
            ]
          },
          {
            "title": "Mesures demandées par les parlementaires",
            "children": [
              {
                "title": "Débat parlementaire sur les mesures de sauvegarde",
                "children": []
              },
              {
                "title": "Trois objectifs essentiels",
                "children": [
                  {
                    "title": "Garantir une progression du pouvoir d'achat",
                    "children": []
                  },
                  {
                    "title": "Organisation des marchés agricoles",
                    "children": []
                  },
                  {
                    "title": "Développement des exportations",
                    "children": []
                  }
                ]
              }
            ]
          }
        ]
      },
      {
        "title": "Réglementation des médias et droits des citoyens",
        "children": [
          {
            "title": "Droit de réponse dans les médias",
            "children": [
              {
                "title": "Demande de décret d'application pour la radio et télévision",
                "children": []
              },
              {
                "title": "Loi n°72-553 du 3 juillet 1972 et loi n°74-696 du 7 août 1974",
                "children": []
              }
            ]
          },
          {
            "title": "Usage de la langue française",
            "children": [
              {
                "title": "Imposition de l'anglais comme langue de travail chez Air France",
                "children": []
              },
              {
                "title": "Maintien de la place du français dans le monde",
                "children": []
              }
            ]
          }
        ]
      },
      {
        "title": "Fiscalité et équité sociale",
        "children": [
          {
            "title": "Taxes et contributions",
            "children": [
              {
                "title": "Taxe de publicité foncière",
                "children": []
              },
              {
                "title": "Contribution des communes au fonds d'amortissement des charges d'électrification",
                "children": [
                  {
                    "title": "Différence de traitement entre communes rurales et urbaines",
                    "children": []
                  }
                ]
              }
            ]
          },
          {
            "title": "Dégrèvements et exonérations",
            "children": [
              {
                "title": "Dégrèvement de la taxe d'habitation pour les plus de 65 ans",
                "children": [
                  {
                    "title": "Conditions d'éligibilité (revenus, valeur locative)",
                    "children": []
                  },
                  {
                    "title": "Proposition de déductibilité de la taxe des revenus",
                    "children": []
                  }
                ]
              }
            ]
          },
          {
            "title": "Successions et politique familiale",
            "children": [
              {
                "title": "Régime fiscal des testaments-partages",
                "children": [
                  {
                    "title": "Droit fixe vs droit proportionnel en ligne directe",
                    "children": []
                  },
                  {
                    "title": "Incohérence fiscale pénalisant les familles",
                    "children": []
                  }
                ]
              }
            ]
          }
        ]
      },
      {
        "title": "Gestion des collectivités locales",
        "children": [
          {
            "title": "Péréquation financière",
            "children": [
              {
                "title": "Dotations pour les petites communes",
                "children": []
              },
              {
                "title": "Inégalités entre communes de plus ou moins 2000 habitants",
                "children": []
              }
            ]
          },
          {
            "title": "Électrification et fonds d'amortissement",
            "children": [
              {
                "title": "Contribution des régies électriques communales",
                "children": []
              },
              {
                "title": "Demande d'études pour corriger les anomalies",
                "children": []
              }
            ]
          }
        ]
      },
      {
        "title": "Éthique et incompatibilités parlementaires",
        "children": [
          {
            "title": "Cas des députés exerçant des fonctions médicales",
            "children": [
              {
                "title": "Contradiction avec la décision du Conseil constitutionnel (1966)",
                "children": []
              },
              {
                "title": "Exemple du député médecin-chef d'un hôpital départemental",
                "children": []
              }
            ]
          },
          {
            "title": "Respect des règles d'incompatibilité",
            "children": [
              {
                "title": "Nécessité de clarifier les situations conflictuelles",
                "children": []
              }
            ]
          }
        ]
      }
    ]
  }
}