{
  "metadata": {
    "document_id": "example_latex",
    "coverage_percentage": 100.0,
    "n_clusters": 1,
    "total_chunks": 1,
    "representative_chunks": 1,
    "avg_similarity": 1.0
  },
  "summary": {
    "title": "Modèle LaTeX pour le rapport de projet mathématique 18.821 : Guide et exemples d'utilisation",
    "summary": "Ce document sert de modèle LaTeX pour la rédaction des rapports du cours *18.821 Mathematics Project Lab* au MIT. Il présente des exemples concrets d'utilisation de LaTeX pour la mise en forme d'équations mathématiques, de théorèmes, d'images et de références, tout en insistant sur l'importance des citations pour éviter le plagiat. Le guide inclut également des instructions pratiques pour la conversion et la soumission des fichiers.",
    "key_concepts": [
      {
        "name": "LaTeX pour la rédaction scientifique",
        "description": "Utilisation de LaTeX comme outil de mise en forme pour les documents mathématiques, incluant des fonctionnalités avancées pour les équations, symboles et structures spécifiques.",
        "importance": 5
      },
      {
        "name": "Citation et plagiat",
        "description": "Importance de citer correctement les sources pour éviter le plagiat, avec des exemples de bonnes pratiques dans un contexte académique.",
        "importance": 4
      },
      {
        "name": "Structuration d'un rapport mathématique",
        "description": "Organisation logique d'un rapport, incluant une introduction détaillée, des sections thématiques et une répartition claire des contributions des auteurs.",
        "importance": 4
      },
      {
        "name": "Équations et symboles mathématiques",
        "description": "Exemples de notation mathématique en LaTeX, comme les sommes, intégrales, et symboles spécifiques (ensembles N, Q, Z, R).",
        "importance": 5
      },
      {
        "name": "Conversion et soumission de fichiers",
        "description": "Instructions pour convertir et préparer les fichiers LaTeX en formats adaptés à l'impression ou à la soumission.",
        "importance": 3
      }
    ],
    "main_themes": [
      "Utilisation de LaTeX pour les documents mathématiques",
      "Bonnes pratiques académiques et citation des sources",
      "Structuration et rédaction d'un rapport scientifique",
      "Exemples concrets de notation mathématique en LaTeX",
      "Préparation et soumission de fichiers pour un projet académique"
    ],
    "document_type": "Rapport académique (modèle et guide)"
  },
  "mind_map": {
    "central_theme": "Guide complet pour la rédaction d'un rapport mathématique avec LaTeX",
    "branches": [
      {
        "title": "Utilisation de LaTeX pour la rédaction scientifique",
        "children": [
          {
            "title": "Fondamentaux de LaTeX",
            "children": [
              {
                "title": "Structure de base d'un document LaTeX",
                "children": []
              },
              {
                "title": "Chargement des packages (ex: AMS)",
                "children": []
              }
            ]
          },
          {
            "title": "Notations mathématiques",
            "children": [
              {
                "title": "Symboles prédéfinis (∑, ∫, ℕ, ℝ, etc.)",
                "children": []
              },
              {
                "title": "Équations avec ou sans numérotation",
                "children": []
              },
              {
                "title": "Création de symboles personnalisés",
                "children": []
              }
            ]
          },
          {
            "title": "Insertion d'éléments visuels",
            "children": [
              {
                "title": "Images et figures",
                "children": []
              },
              {
                "title": "Théorèmes, lemmes et preuves",
                "children": []
              },
              {
                "title": "Notes marginales pour collaborateurs",
                "children": []
              }
            ]
          }
        ]
      },
      {
        "title": "Structuration d'un rapport mathématique",
        "children": [
          {
            "title": "Sections clés du rapport",
            "children": [
              {
                "title": "Page de titre et métadonnées",
                "children": []
              },
              {
                "title": "Résumé (Abstract)",
                "children": []
              },
              {
                "title": "Introduction et plan détaillé",
                "children": []
              }
            ]
          },
          {
            "title": "Organisation du contenu",
            "children": [
              {
                "title": "Répartition des sections par auteur",
                "children": []
              },
              {
                "title": "Description section par section",
                "children": []
              }
            ]
          },
          {
            "title": "Bonnes pratiques académiques",
            "children": [
              {
                "title": "Clarté et précision des explications",
                "children": []
              },
              {
                "title": "Cohérence des notations mathématiques",
                "children": []
              }
            ]
          }
        ]
      },
      {
        "title": "Citation et éthique académique",
        "children": [
          {
            "title": "Importance des citations",
            "children": [
              {
                "title": "Éviter le plagiat",
                "children": []
              },
              {
                "title": "Reconnaître les sources externes",
                "children": []
              }
            ]
          },
          {
            "title": "Méthodes de citation",
            "children": [
              {
                "title": "Exemples de références en LaTeX",
                "children": []
              },
              {
                "title": "Utilisation de bibliographies (ex: BibTeX)",
                "children": []
              }
            ]
          },
          {
            "title": "Ressources pour la citation",
            "children": [
              {
                "title": "Manuels LaTeX recommandés",
                "children": []
              },
              {
                "title": "Liens vers des guides en ligne",
                "children": []
              }
            ]
          }
        ]
      },
      {
        "title": "Préparation et soumission du rapport",
        "children": [
          {
            "title": "Gestion des fichiers",
            "children": [
              {
                "title": "Types de fichiers supportés (PDF, TeX, etc.)",
                "children": []
              },
              {
                "title": "Conversion pour impression ou soumission",
                "children": []
              }
            ]
          },
          {
            "title": "Vérifications finales",
            "children": [
              {
                "title": "Relecture des équations et symboles",
                "children": []
              },
              {
                "title": "Validation des références et citations",
                "children": []
              }
            ]
          },
          {
            "title": "Processus de soumission",
            "children": [
              {
                "title": "Instructions spécifiques (ex: MIT OCW)",
                "children": []
              },
              {
                "title": "Délais et formats requis",
                "children": []
              }
            ]
          }
        ]
      },
      {
        "title": "Exemples concrets et applications",
        "children": [
          {
            "title": "Exemples de notations mathématiques",
            "children": [
              {
                "title": "Sommes et intégrales",
                "children": []
              },
              {
                "title": "Séries infinies et résultats",
                "children": []
              }
            ]
          },
          {
            "title": "Modèles prêts à l'emploi",
            "children": [
              {
                "title": "Template pour rapport 18.821",
                "children": []
              },
              {
                "title": "Personnalisation du titre et auteurs",
                "children": []
              }
            ]
          },
          {
            "title": "Cas pratiques",
            "children": [
              {
                "title": "Rédaction d'une introduction type",
                "children": []
              },
              {
                "title": "Présentation des résultats mathématiques",
                "children": []
              }
            ]
          }
        ]
      }
    ]
  }
}