{
  "source_file": "example_latex.pdf",
  "total_pages": 4,
  "total_images": 1,
  "document_annotation": "{\n  \"language\": \"en\",\n  \"title\": \"The 18.821 Mathematics Project Lab Report\",\n  \"document_type\": \"report\",\n  \"summary\": \"This document is a LaTeX template for the 18.821 Mathematics Project Lab Report. It provides examples of using LaTeX for mathematical symbols, equations, images, and theorems. The document also includes instructions on how to use LaTeX for creating reports, citing sources, and handling file types. It emphasizes the importance of citing sources to avoid plagiarism and provides examples of how to reference literature and websites.\",\n  \"key_points\": [\n    \"LaTeX template for 18.821 Mathematics Project Lab Report\",\n    \"Examples of mathematical symbols and equations\",\n    \"Instructions for using LaTeX for reports\",\n    \"Guidelines for citing sources and avoiding plagiarism\",\n    \"Handling file types and converting between formats\"\n  ],\n  \"authors\": [\n    \"X. Burps\",\n    \"P. Gurps\"\n  ],\n  \"date\": \"February 10, 2013\",\n  \"organizations\": [\n    \"MIT OpenCourseWare\"\n  ]\n}",
  "markdown_files": [
    "page_1.md",
    "page_2.md",
    "page_3.md",
    "page_4.md"
  ],
  "images": [
    {
      "id": "img-0.jpeg",
      "filename": "page2_img1.jpg",
      "page": 2,
      "position": {
        "top_left_x": 467,
        "top_left_y": 325,
        "bottom_right_x": 1183,
        "bottom_right_y": 836
      },
      "annotation": "{\n  \"image_type\": \"graph\",\n  \"title\": \"Champ de vecteurs et trajectoires\",\n  \"short_description\": \"Graphique montrant un champ de vecteurs avec des trajectoires superposées.\",\n  \"detailed_description\": \"Ce graphique représente un champ de vecteurs défini par les équations x' = -2x + 5y et y' = -2x + 4y. Les flèches indiquent la direction et la magnitude du champ de vecteurs à différents points du plan. Les courbes superposées représentent les trajectoires des points dans ce champ de vecteurs, illustrant comment les points se déplacent au fil du temps.\",\n  \"data_extracted\": \"\"\n}"
    }
  ],
  "processing_info": {
    "blocks_processed": 4,
    "max_pages_limit": 32
  }
}