{
  "metadata": {
    "document_id": "i1985_1986_0096_02",
    "coverage_percentage": 100.0,
    "n_clusters": 1,
    "total_chunks": 1,
    "representative_chunks": 1,
    "avg_similarity": 1.0
  },
  "summary": {
    "title": "Analyse du projet de loi de finances pour 1986 : Rapport général de la commission des Finances du Sénat",
    "summary": "Ce rapport général, rédigé par M. Maurice Blin au nom de la commission des Finances du Sénat, présente une analyse détaillée du projet de loi de finances pour 1986, adopté par l'Assemblée nationale. Il aborde les modifications des ressources et des charges, ainsi que les conditions générales de l'équilibre financier. Le document inclut également un examen des articles de la loi et la composition de la commission.",
    "key_concepts": [
      {
        "name": "Loi de finances",
        "description": "Texte législatif annuel qui détermine les ressources et les charges de l'État pour une année civile. Il fixe le plafond des dépenses et les conditions de l'équilibre budgétaire.",
        "importance": 5
      },
      {
        "name": "Équilibre financier",
        "description": "Principe visant à assurer que les ressources de l'État couvrent ses dépenses, garantissant ainsi la stabilité économique et budgétaire.",
        "importance": 5
      },
      {
        "name": "Commission des Finances",
        "description": "Instance parlementaire chargée d'examiner les projets de loi de finances, de contrôler leur exécution et d'évaluer les comptes économiques de la Nation.",
        "importance": 4
      },
      {
        "name": "Plafond des charges",
        "description": "Limite maximale des dépenses autorisées pour l'État dans le cadre de la loi de finances.",
        "importance": 4
      },
      {
        "name": "Ressources de l'État",
        "description": "Ensemble des recettes (impôts, taxes, emprunts, etc.) mobilisées pour financer les dépenses publiques.",
        "importance": 4
      }
    ],
    "main_themes": [
      "Adoption et modification du projet de loi de finances pour 1986",
      "Conditions générales de l'équilibre financier et budgétaire",
      "Rôle et composition de la commission des Finances du Sénat",
      "Examen des articles de la loi de finances",
      "Processus législatif entre l'Assemblée nationale et le Sénat"
    ],
    "document_type": "rapport parlementaire"
  },
  "mind_map": {
    "central_theme": "Analyse du projet de loi de finances pour 1986 : Rapport général de la commission des Finances du Sénat",
    "branches": [
      {
        "title": "Contexte et acteurs",
        "children": [
          {
            "title": "Présentation du rapport",
            "children": [
              {
                "title": "Auteur : M. Maurice Blin, rapporteur général",
                "children": []
              },
              {
                "title": "Date : 21 novembre 1985",
                "children": []
              }
            ]
          },
          {
            "title": "Organisations impliquées",
            "children": [
              {
                "title": "Sénat",
                "children": []
              },
              {
                "title": "Assemblée nationale",
                "children": []
              },
              {
                "title": "Commission des Finances, du Contrôle budgétaire et des Comptes économiques de la Nation",
                "children": []
              }
            ]
          },
          {
            "title": "Composition de la commission des Finances",
            "children": [
              {
                "title": "Président : Edouard Bonnefous",
                "children": []
              },
              {
                "title": "Vice-présidents : Jean Cluzel, Tony Larue, etc.",
                "children": []
              },
              {
                "title": "Secrétaires : Modeste Legouez, Yves Durand, etc.",
                "children": []
              }
            ]
          }
        ]
      },
      {
        "title": "Processus législatif",
        "children": [
          {
            "title": "Adoption par l'Assemblée nationale",
            "children": [
              {
                "title": "Projet de loi de finances pour 1986 (n°2951)",
                "children": []
              },
              {
                "title": "Modifications apportées avant transmission au Sénat",
                "children": []
              }
            ]
          },
          {
            "title": "Examen par le Sénat",
            "children": [
              {
                "title": "Première session ordinaire de 1985-1986",
                "children": []
              },
              {
                "title": "Annexe au procès-verbal du 21 novembre 1985",
                "children": []
              }
            ]
          },
          {
            "title": "Échanges entre l'Assemblée nationale et le Sénat",
            "children": [
              {
                "title": "Références aux documents parlementaires (n°95 pour le Sénat)",
                "children": []
              },
              {
                "title": "Coordination sur les modifications et l'équilibre financier",
                "children": []
              }
            ]
          }
        ]
      },
      {
        "title": "Contenu du projet de loi de finances",
        "children": [
          {
            "title": "Conditions générales de l'équilibre financier",
            "children": [
              {
                "title": "Première partie de la loi de finances",
                "children": []
              },
              {
                "title": "Objectif : Équilibre des ressources et des charges",
                "children": []
              }
            ]
          },
          {
            "title": "Modifications clés",
            "children": [
              {
                "title": "Ajustement du montant des ressources",
                "children": []
              },
              {
                "title": "Révision du plafond des charges",
                "children": []
              }
            ]
          },
          {
            "title": "Examen des articles",
            "children": [
              {
                "title": "Analyse détaillée des articles de la loi",
                "children": []
              },
              {
                "title": "Impact sur l'équilibre financier global",
                "children": []
              }
            ]
          }
        ]
      },
      {
        "title": "Concepts clés et enjeux",
        "children": [
          {
            "title": "Loi de finances",
            "children": [
              {
                "title": "Définition et portée juridique",
                "children": []
              },
              {
                "title": "Rôle dans la gestion des finances publiques",
                "children": []
              }
            ]
          },
          {
            "title": "Équilibre financier",
            "children": [
              {
                "title": "Importance pour la stabilité économique",
                "children": []
              },
              {
                "title": "Mécanismes de contrôle et ajustements",
                "children": []
              }
            ]
          },
          {
            "title": "Ressources et charges de l'État",
            "children": [
              {
                "title": "Sources des ressources (impôts, emprunts, etc.)",
                "children": []
              },
              {
                "title": "Plafond des charges et gestion des dépenses",
                "children": []
              }
            ]
          }
        ]
      }
    ]
  }
}