{
  "source_file": "i1985_1986_0096_02.pdf",
  "total_pages": 8,
  "total_images": 0,
  "document_annotation": "{\n  \"language\": \"fr\",\n  \"title\": \"Rapport Général\",\n  \"document_type\": \"rapport\",\n  \"summary\": \"Le document est un rapport général présenté par M. Maurice Blin, sénateur et rapporteur général, au nom de la commission des Finances, du Contrôle budgétaire et des Comptes économiques de la Nation. Il concerne le projet de loi de finances pour 1986, adopté par l'Assemblée nationale. Le rapport détaille les modifications apportées au montant des ressources et au plafond des charges, ainsi que les conditions générales de l'équilibre financier. Il inclut également un examen des articles de la loi de finances.\",\n  \"key_points\": [\n    \"Présentation du projet de loi de finances pour 1986 par M. Maurice Blin.\",\n    \"Détail des modifications apportées au montant des ressources et au plafond des charges.\",\n    \"Examen des articles de la loi de finances.\",\n    \"Impact des modifications sur l'équilibre financier.\",\n    \"Liste des membres de la commission des Finances.\"\n  ],\n  \"authors\": [\n    \"M. Maurice Blin\"\n  ],\n  \"date\": \"21 novembre 1985\",\n  \"organizations\": [\n    \"Sénat\",\n    \"Assemblée nationale\",\n    \"Commission des Finances, du Contrôle budgétaire et des Comptes économiques de la Nation\"\n  ]\n}",
  "markdown_files": [
    "page_1.md",
    "page_2.md",
    "page_3.md",
    "page_4.md",
    "page_5.md",
    "page_6.md",
    "page_7.md",
    "page_8.md"
  ],
  "images": [],
  "processing_info": {
    "blocks_processed": 1,
    "max_pages_limit": 8
  }
}