{
  "metadata": {
    "document_id": "circulaire-lir-n-1023-du-9-avril-1985",
    "coverage_percentage": 100.0,
    "n_clusters": 1,
    "total_chunks": 1,
    "representative_chunks": 1,
    "avg_similarity": 1.0
  },
  "summary": {
    "title": "Détermination et imposition du bénéfice forestier : Cadre réglementaire et modalités pratiques",
    "summary": "La **Circulaire du directeur des contributions L.I.R. No 1023 du 9 avril 1985** précise les règles relatives à la détermination et à l'imposition des bénéfices forestiers en Luxembourg. Elle définit les notions clés comme l'exploitation forestière et l'exercice forestier, tout en clarifiant l'application des dispositions fiscales pour les bénéfices commerciaux et agricoles. Le document détaille également les méthodes de calcul des recettes, dépenses, et valeurs comptables spécifiques au secteur forestier.",
    "key_concepts": [
      {
        "name": "Exploitation forestière",
        "description": "Activité économique visant la production, l'entretien et l'exploitation des forêts, soumise à des règles fiscales spécifiques.",
        "importance": 5
      },
      {
        "name": "Valeur comptable du bois sur pied",
        "description": "Valeur attribuée au matériel ligneux encore sur pied, utilisée pour le calcul des bénéfices et des amortissements.",
        "importance": 4
      },
      {
        "name": "Revenu forestier extraordinaire",
        "description": "Revenu généré par des événements exceptionnels (ex. : cas de force majeure) et soumis à des modalités d'imposition particulières.",
        "importance": 4
      },
      {
        "name": "Coupe réglée",
        "description": "Méthode d'exploitation forestière planifiée et durable, influençant le calcul des bénéfices en cas de cession.",
        "importance": 3
      },
      {
        "name": "Produit moyen annuel de la croissance naturelle",
        "description": "Indicateur utilisé pour évaluer la productivité forestière et déterminer les revenus imposables.",
        "importance": 3
      }
    ],
    "main_themes": [
      "Cadre fiscal applicable aux bénéfices forestiers",
      "Méthodes de détermination des recettes et dépenses d'exploitation forestière",
      "Règles comptables spécifiques au bois sur pied et aux terrains forestiers",
      "Traitement des revenus exceptionnels et des cas de force majeure",
      "Modalités de cession et réévaluation des exploitations forestières"
    ],
    "document_type": "circulaire"
  },
  "mind_map": {
    "central_theme": "Cadre réglementaire et fiscal des bénéfices forestiers",
    "branches": [
      {
        "title": "Définitions et cadre général",
        "children": [
          {
            "title": "Exploitation forestière",
            "children": [
              {
                "title": "Définition légale",
                "children": []
              },
              {
                "title": "Activités incluses (boisement, reboisement, etc.)",
                "children": []
              }
            ]
          },
          {
            "title": "Exercice forestier",
            "children": [
              {
                "title": "Périodicité et durée",
                "children": []
              },
              {
                "title": "Alignement sur l'exercice comptable général",
                "children": []
              }
            ]
          },
          {
            "title": "Applicabilité des dispositions fiscales",
            "children": [
              {
                "title": "Bénéfice commercial",
                "children": []
              },
              {
                "title": "Exploitations agricoles",
                "children": []
              }
            ]
          }
        ]
      },
      {
        "title": "Détermination du bénéfice forestier",
        "children": [
          {
            "title": "Recettes d'exploitation",
            "children": [
              {
                "title": "Vente de bois et produits forestiers",
                "children": []
              },
              {
                "title": "Subventions et aides publiques",
                "children": []
              },
              {
                "title": "Taxe sur la valeur ajoutée (TVA)",
                "children": []
              }
            ]
          },
          {
            "title": "Dépenses d'exploitation",
            "children": [
              {
                "title": "Frais de boisement et reboisement",
                "children": []
              },
              {
                "title": "Dépenses courantes (entretien, gardiennage, etc.)",
                "children": []
              },
              {
                "title": "Amortissements et provisions",
                "children": []
              }
            ]
          },
          {
            "title": "Valeur comptable du bois sur pied",
            "children": [
              {
                "title": "Méthodes d'évaluation",
                "children": []
              },
              {
                "title": "Prix d'acquisition minimum des terrains",
                "children": []
              },
              {
                "title": "Réévaluation de la valeur comptable",
                "children": []
              }
            ]
          },
          {
            "title": "Produit moyen annuel de la croissance naturelle",
            "children": [
              {
                "title": "Calcul et imputation",
                "children": []
              },
              {
                "title": "Impact sur le bénéfice imposable",
                "children": []
              }
            ]
          }
        ]
      },
      {
        "title": "Cas particuliers et revenus exceptionnels",
        "children": [
          {
            "title": "Revenu forestier extraordinaire",
            "children": [
              {
                "title": "Définition et exemples (tempêtes, incendies)",
                "children": []
              },
              {
                "title": "Traitement fiscal spécifique",
                "children": []
              }
            ]
          },
          {
            "title": "Cas de force majeure",
            "children": [
              {
                "title": "Reconnaissance des événements",
                "children": []
              },
              {
                "title": "Impact sur l'imposition",
                "children": []
              }
            ]
          },
          {
            "title": "Coupes réglées vs non réglées",
            "children": [
              {
                "title": "Définition des coupes réglées",
                "children": []
              },
              {
                "title": "Cession d'exploitations : règles spécifiques",
                "children": []
              }
            ]
          }
        ]
      },
      {
        "title": "Modalités de cession et réévaluation",
        "children": [
          {
            "title": "Cession d'une exploitation non mise en coupes réglées",
            "children": [
              {
                "title": "Règles fiscales applicables",
                "children": []
              },
              {
                "title": "Évaluation des actifs",
                "children": []
              }
            ]
          },
          {
            "title": "Cession d'une exploitation mise en coupes réglées",
            "children": [
              {
                "title": "Règles fiscales applicables",
                "children": []
              },
              {
                "title": "Impact sur la valeur comptable",
                "children": []
              }
            ]
          },
          {
            "title": "Réévaluation de la valeur comptable",
            "children": [
              {
                "title": "Conditions et modalités",
                "children": []
              },
              {
                "title": "Effets sur l'imposition",
                "children": []
              }
            ]
          }
        ]
      }
    ]
  }
}