{
  "source_file": "circulaire-lir-n-1023-du-9-avril-1985.pdf",
  "total_pages": 8,
  "total_images": 0,
  "document_annotation": "{\n  \"language\": \"fr\",\n  \"title\": \"Circulaire du directeur des contributions L.I.R. No 1023 du 9 avril 1985\",\n  \"document_type\": \"circulaire\",\n  \"summary\": \"La circulaire traite de la détermination et de l'imposition du bénéfice forestier. Elle définit l'exploitation forestière, l'exercice forestier, et l'applicabilité des dispositions concernant le bénéfice commercial et les exploitations agricoles. Elle aborde également les particularités concernant les modes de détermination du bénéfice, les recettes d'exploitation, la taxe sur la valeur ajoutée, les dépenses d'exploitation, les frais de boisement et de reboisement, la valeur comptable du bois sur pied, le prix d'acquisition minimum des terrains forestiers, les procédés de prise en considération de la valeur comptable lors d'une réalisation de matériel ligneux, le revenu forestier extraordinaire, le produit moyen annuel de la croissance naturelle, le revenu forestier réalisé par suite de cas de force majeure, la cession d'une exploitation forestière non mise en coupes réglées, la cession d'une exploitation forestière mise en coupes réglées, et la réévaluation de la valeur comptable.\",\n  \"key_points\": [\n    \"Définition de l'exploitation forestière\",\n    \"Exercice forestier\",\n    \"Applicabilité des dispositions concernant le bénéfice commercial et les exploitations agricoles\",\n    \"Particularités concernant les modes de détermination du bénéfice\",\n    \"Recettes d'exploitation\",\n    \"Taxe sur la valeur ajoutée\",\n    \"Dépenses d'exploitation\",\n    \"Frais de boisement et de reboisement\",\n    \"Valeur comptable du bois sur pied\",\n    \"Prix d'acquisition minimum des terrains forestiers\",\n    \"Procédés de prise en considération de la valeur comptable lors d'une réalisation de matériel ligneux\",\n    \"Revenu forestier extraordinaire\",\n    \"Produit moyen annuel de la croissance naturelle\",\n    \"Revenu forestier réalisé par suite de cas de force majeure\",\n    \"Cession d'une exploitation forestière non mise en coupes réglées\",\n    \"Cession d'une exploitation forestière mise en coupes réglées\",\n    \"Réévaluation de la valeur comptable\"\n  ],\n  \"authors\": [],\n  \"date\": \"9 avril 1985\",\n  \"organizations\": [\n    \"Direction des Contributions Directes et des Accises\"\n  ]\n}",
  "markdown_files": [
    "page_1.md",
    "page_2.md",
    "page_3.md",
    "page_4.md",
    "page_5.md",
    "page_6.md",
    "page_7.md",
    "page_8.md"
  ],
  "images": [],
  "processing_info": {
    "blocks_processed": 1,
    "max_pages_limit": 8
  }
}