{
  "metadata": {
    "document_id": "cadastraux_paris_09_54",
    "coverage_percentage": 100.0,
    "n_clusters": 1,
    "total_chunks": 1,
    "representative_chunks": 1,
    "avg_similarity": 1.0
  },
  "summary": {
    "title": "Répertoire numérique détaillé des plans cadastraux de Paris (1809-1854)",
    "summary": "Ce document est un répertoire numérique détaillé des plans cadastraux de Paris pour la période 1809-1854, rédigé par Aurélie Peylhard de la Mission Cartes et Plans. Il s'appuie sur le Catalogue général des cartes, plans et dessins d'architecture et recense les documents conservés aux Archives nationales de France à Pierrefitte-sur-Seine. Il fournit des informations précises sur les auteurs, les dates et les organisations impliquées dans la réalisation de ces plans.",
    "key_concepts": [
      {
        "name": "Plans cadastraux",
        "description": "Représentations cartographiques détaillées des propriétés foncières de Paris, utilisées pour la gestion et la fiscalité.",
        "importance": 5
      },
      {
        "name": "Répertoire numérique détaillé",
        "description": "Outil archivistique permettant l'inventaire et la description systématique de documents, facilitant leur accès et leur consultation.",
        "importance": 4
      },
      {
        "name": "Archives nationales",
        "description": "Institution publique française chargée de la conservation et de la diffusion des documents administratifs et historiques de l'État.",
        "importance": 5
      },
      {
        "name": "Mission Cartes et Plans",
        "description": "Service spécialisé dans la gestion, la conservation et l'étude des documents cartographiques et plans d'architecture.",
        "importance": 4
      },
      {
        "name": "Catalogue général des cartes, plans et dessins d'architecture",
        "description": "Ouvrage de référence répertoriant les documents cartographiques et architecturaux conservés dans les collections publiques.",
        "importance": 3
      }
    ],
    "main_themes": [
      "Histoire urbaine de Paris au XIXe siècle",
      "Gestion et conservation des documents cartographiques",
      "Méthodologie archivistique et répertoires numériques",
      "Rôle des institutions publiques dans la préservation du patrimoine",
      "Évolution des techniques de cadastre et de fiscalité foncière"
    ],
    "document_type": "Répertoire numérique détaillé"
  },
  "mind_map": {
    "central_theme": "Répertoire numérique détaillé des plans cadastraux de Paris (1809-1854)",
    "branches": [
      {
        "title": "Contexte historique et urbain",
        "children": [
          {
            "title": "Période couverte",
            "children": [
              {
                "title": "1809 à 1854 : Transformation de Paris au XIXe siècle",
                "children": []
              }
            ]
          },
          {
            "title": "Importance pour l'histoire urbaine",
            "children": [
              {
                "title": "Développement de l'urbanisme parisien",
                "children": []
              },
              {
                "title": "Impact sur la fiscalité et l'aménagement",
                "children": []
              }
            ]
          },
          {
            "title": "Évolution des techniques",
            "children": [
              {
                "title": "Méthodes de cadastre",
                "children": []
              },
              {
                "title": "Outils de cartographie",
                "children": []
              }
            ]
          }
        ]
      },
      {
        "title": "Gestion et conservation des documents",
        "children": [
          {
            "title": "Institutions impliquées",
            "children": [
              {
                "title": "Archives nationales (Pierrefitte-sur-Seine)",
                "children": []
              },
              {
                "title": "Mission Cartes et Plans",
                "children": []
              }
            ]
          },
          {
            "title": "Types de documents",
            "children": [
              {
                "title": "Plans cadastraux",
                "children": []
              },
              {
                "title": "Répertoire numérique détaillé",
                "children": []
              },
              {
                "title": "Catalogue général des cartes, plans et dessins d'architecture",
                "children": []
              }
            ]
          },
          {
            "title": "Méthodes de conservation",
            "children": [
              {
                "title": "Numérisation et archivage électronique",
                "children": []
              },
              {
                "title": "Classement dans la sous-série F/31",
                "children": []
              }
            ]
          }
        ]
      },
      {
        "title": "Méthodologie archivistique",
        "children": [
          {
            "title": "Rédaction du répertoire",
            "children": [
              {
                "title": "Auteur : Aurélie Peylhard",
                "children": []
              },
              {
                "title": "Base : Catalogue général des cartes et plans",
                "children": []
              }
            ]
          },
          {
            "title": "Structure du répertoire",
            "children": [
              {
                "title": "Informations sur les auteurs",
                "children": []
              },
              {
                "title": "Dates et organisations impliquées",
                "children": []
              },
              {
                "title": "Références aux cotes (CP/F/31/3 à CP/F/31/72)",
                "children": []
              }
            ]
          },
          {
            "title": "Édition et diffusion",
            "children": [
              {
                "title": "Première édition électronique (2021)",
                "children": []
              },
              {
                "title": "Accessibilité en ligne",
                "children": []
              }
            ]
          }
        ]
      },
      {
        "title": "Rôle des institutions publiques",
        "children": [
          {
            "title": "Préservation du patrimoine",
            "children": [
              {
                "title": "Protection des documents historiques",
                "children": []
              },
              {
                "title": "Valorisation des archives cartographiques",
                "children": []
              }
            ]
          },
          {
            "title": "Collaboration institutionnelle",
            "children": [
              {
                "title": "Rôle de la Mission Cartes et Plans",
                "children": []
              },
              {
                "title": "Partenariats avec les Archives nationales",
                "children": []
              }
            ]
          },
          {
            "title": "Cadre légal et réglementaire",
            "children": [
              {
                "title": "Lois sur la conservation des archives",
                "children": []
              },
              {
                "title": "Normes de numérisation et d'archivage",
                "children": []
              }
            ]
          }
        ]
      },
      {
        "title": "Évolution des techniques de cadastre et fiscalité",
        "children": [
          {
            "title": "Techniques de cadastre",
            "children": [
              {
                "title": "Méthodes de relevé foncier",
                "children": []
              },
              {
                "title": "Outils de mesure et de représentation",
                "children": []
              }
            ]
          },
          {
            "title": "Impact sur la fiscalité",
            "children": [
              {
                "title": "Base pour l'imposition foncière",
                "children": []
              },
              {
                "title": "Modernisation des systèmes fiscaux",
                "children": []
              }
            ]
          },
          {
            "title": "Innovations cartographiques",
            "children": [
              {
                "title": "Précision et détails des plans",
                "children": []
              },
              {
                "title": "Utilisation des plans pour l'aménagement urbain",
                "children": []
              }
            ]
          }
        ]
      }
    ]
  }
}