{
  "source_file": "cadastraux_paris_09_54.pdf",
  "total_pages": 8,
  "total_images": 1,
  "document_annotation": "{\n  \"language\": \"fr\",\n  \"title\": \"Plans cadastraux de Paris 1809-1854\",\n  \"document_type\": \"Répertoire numérique détaillé\",\n  \"summary\": \"Le document présente un répertoire numérique détaillé des plans cadastraux de Paris, couvrant la période de 1809 à 1854. Il inclut des informations sur les auteurs, les dates, et les organisations impliquées. Le répertoire est basé sur le Catalogue général des cartes, plans et dessins d'architecture, et a été rédigé par Aurélie Peylhard de la Mission Cartes et Plans. Les plans sont conservés aux Archives nationales de France à Pierrefitte-sur-Seine.\",\n  \"key_points\": [\n    \"Plans cadastraux de Paris couvrant la période de 1809 à 1854.\",\n    \"Répertoire numérique détaillé basé sur le Catalogue général des cartes, plans et dessins d'architecture.\",\n    \"Rédigé par Aurélie Peylhard de la Mission Cartes et Plans.\",\n    \"Conservé aux Archives nationales de France à Pierrefitte-sur-Seine.\",\n    \"Inclut des informations sur les auteurs, les dates, et les organisations impliquées.\"\n  ],\n  \"authors\": [\n    \"Aurélie Peylhard\"\n  ],\n  \"date\": \"2021\",\n  \"organizations\": [\n    \"Archives nationales (France)\",\n    \"Mission Cartes et Plans\"\n  ]\n}",
  "markdown_files": [
    "page_1.md",
    "page_2.md",
    "page_3.md",
    "page_4.md",
    "page_5.md",
    "page_6.md",
    "page_7.md",
    "page_8.md"
  ],
  "images": [
    {
      "id": "img-0.jpeg",
      "filename": "page1_img1.jpg",
      "page": 1,
      "position": {
        "top_left_x": 639,
        "top_left_y": 95,
        "bottom_right_x": 1016,
        "bottom_right_y": 266
      },
      "annotation": "{\n  \"image_type\": \"logo\",\n  \"title\": \"Archives Nationales\",\n  \"short_description\": \"Logo des Archives Nationales\",\n  \"detailed_description\": \"Le logo des Archives Nationales est composé des mots 'Archives Nationales' avec un style de police distinctif. Les lettres sont de différentes couleurs, principalement en bleu et en or, et sont disposées de manière à former un design cohésif et reconnaissable.\",\n  \"data_extracted\": \"\"\n}"
    }
  ],
  "processing_info": {
    "blocks_processed": 1,
    "max_pages_limit": 8
  }
}